site,release_id,date_recaptured,number_recaptured,median_fork_length_recaptured
Upper Battle Creek,BAT96,2004-01-15,15,36
Upper Battle Creek,BAT96,2004-01-16,0,NA
Upper Battle Creek,BAT96,2004-01-17,0,NA
Upper Battle Creek,BAT96,2004-01-18,0,NA
Upper Battle Creek,BAT96,2004-01-19,0,NA
Upper Battle Creek,BAT97,2004-01-28,35,36
Upper Battle Creek,BAT97,2004-01-29,0,NA
Upper Battle Creek,BAT97,2004-01-30,0,NA
Upper Battle Creek,BAT97,2004-01-31,0,NA
Upper Battle Creek,BAT97,2004-02-01,0,NA
Upper Battle Creek,BAT98,2004-01-31,52,38
Upper Battle Creek,BAT98,2004-02-01,1,38
Upper Battle Creek,BAT98,2004-02-02,0,NA
Upper Battle Creek,BAT98,2004-02-03,NA,NA
Upper Battle Creek,BAT98,2004-02-04,0,NA
Upper Battle Creek,BAT99,2004-02-07,19,38
Upper Battle Creek,BAT99,2004-02-08,2,38
Upper Battle Creek,BAT99,2004-02-09,0,NA
Upper Battle Creek,BAT99,2004-02-10,0,NA
Upper Battle Creek,BAT99,2004-02-11,0,NA
Upper Battle Creek,BAT100,2004-02-11,39,38
Upper Battle Creek,BAT100,2004-02-12,0,NA
Upper Battle Creek,BAT100,2004-02-13,2,38
Upper Battle Creek,BAT100,2004-02-14,0,NA
Upper Battle Creek,BAT100,2004-02-15,0,NA
Upper Battle Creek,BAT101,2004-02-14,45,37
Upper Battle Creek,BAT101,2004-02-15,0,NA
Upper Battle Creek,BAT101,2004-02-16,0,NA
Upper Battle Creek,BAT101,2004-02-17,NA,NA
Upper Battle Creek,BAT101,2004-02-18,NA,NA
Upper Battle Creek,BAT102,2004-02-25,18,38
Upper Battle Creek,BAT102,2004-02-26,NA,NA
Upper Battle Creek,BAT102,2004-02-27,NA,NA
Upper Battle Creek,BAT102,2004-02-28,0,NA
Upper Battle Creek,BAT102,2004-02-29,1,38
Upper Battle Creek,BAT103,2004-03-06,25,37
Upper Battle Creek,BAT103,2004-03-07,2,37
Upper Battle Creek,BAT103,2004-03-08,0,NA
Upper Battle Creek,BAT103,2004-03-09,0,NA
Upper Battle Creek,BAT103,2004-03-10,0,NA
Upper Battle Creek,BAT104,2004-03-10,27,36
Upper Battle Creek,BAT104,2004-03-11,0,NA
Upper Battle Creek,BAT104,2004-03-12,0,NA
Upper Battle Creek,BAT104,2004-03-13,0,NA
Upper Battle Creek,BAT104,2004-03-14,0,NA
Upper Battle Creek,BAT105,2004-03-13,45,37
Upper Battle Creek,BAT105,2004-03-14,0,NA
Upper Battle Creek,BAT105,2004-03-15,0,NA
Upper Battle Creek,BAT105,2004-03-16,0,NA
Upper Battle Creek,BAT105,2004-03-17,0,NA
Upper Battle Creek,BAT106,2004-03-27,24,37
Upper Battle Creek,BAT106,2004-03-28,2,37
Upper Battle Creek,BAT106,2004-03-29,0,NA
Upper Battle Creek,BAT106,2004-03-30,0,NA
Upper Battle Creek,BAT106,2004-03-31,0,NA
Upper Battle Creek,BAT107,2004-04-03,6,52
Upper Battle Creek,BAT107,2004-04-04,0,NA
Upper Battle Creek,BAT107,2004-04-05,0,NA
Upper Battle Creek,BAT107,2004-04-06,0,NA
Upper Battle Creek,BAT107,2004-04-07,0,NA
Upper Battle Creek,BAT108,2004-04-10,2,68
Upper Battle Creek,BAT108,2004-04-11,0,NA
Upper Battle Creek,BAT108,2004-04-12,0,NA
Upper Battle Creek,BAT108,2004-04-13,0,NA
Upper Battle Creek,BAT108,2004-04-14,0,NA
Upper Battle Creek,BAT109,2004-04-17,11,66
Upper Battle Creek,BAT109,2004-04-18,1,66
Upper Battle Creek,BAT109,2004-04-19,0,NA
Upper Battle Creek,BAT109,2004-04-20,0,NA
Upper Battle Creek,BAT109,2004-04-21,0,NA
Upper Battle Creek,BAT110,2005-01-05,2,37
Upper Battle Creek,BAT110,2005-01-06,2,37
Upper Battle Creek,BAT110,2005-01-07,0,NA
Upper Battle Creek,BAT110,2005-01-08,0,NA
Upper Battle Creek,BAT110,2005-01-09,0,NA
Upper Battle Creek,BAT111,2005-01-12,1,37
Upper Battle Creek,BAT111,2005-01-13,0,NA
Upper Battle Creek,BAT111,2005-01-14,0,NA
Upper Battle Creek,BAT111,2005-01-15,0,NA
Upper Battle Creek,BAT111,2005-01-16,0,NA
Upper Battle Creek,BAT112,2005-01-15,5,34
Upper Battle Creek,BAT112,2005-01-16,0,NA
Upper Battle Creek,BAT112,2005-01-17,0,NA
Upper Battle Creek,BAT112,2005-01-18,0,NA
Upper Battle Creek,BAT112,2005-01-19,0,NA
Upper Battle Creek,BAT113,2005-01-22,14,36
Upper Battle Creek,BAT113,2005-01-23,2,36
Upper Battle Creek,BAT113,2005-01-24,0,NA
Upper Battle Creek,BAT113,2005-01-25,0,NA
Upper Battle Creek,BAT113,2005-01-26,0,NA
Upper Battle Creek,BAT114,2005-01-26,6,36
Upper Battle Creek,BAT114,2005-01-27,NA,NA
Upper Battle Creek,BAT114,2005-01-28,0,NA
Upper Battle Creek,BAT114,2005-01-29,0,NA
Upper Battle Creek,BAT114,2005-01-30,0,NA
Upper Battle Creek,BAT115,2005-01-29,11,36
Upper Battle Creek,BAT115,2005-01-30,0,NA
Upper Battle Creek,BAT115,2005-01-31,0,NA
Upper Battle Creek,BAT115,2005-02-01,0,NA
Upper Battle Creek,BAT115,2005-02-02,0,NA
Upper Battle Creek,BAT116,2005-02-02,10,37
Upper Battle Creek,BAT116,2005-02-03,0,NA
Upper Battle Creek,BAT116,2005-02-04,1,37
Upper Battle Creek,BAT116,2005-02-05,0,NA
Upper Battle Creek,BAT116,2005-02-06,0,NA
Upper Battle Creek,BAT117,2005-02-05,6,37
Upper Battle Creek,BAT117,2005-02-06,7,37
Upper Battle Creek,BAT117,2005-02-07,1,37
Upper Battle Creek,BAT117,2005-02-08,0,NA
Upper Battle Creek,BAT117,2005-02-09,0,NA
Upper Battle Creek,BAT118,2005-02-09,14,37
Upper Battle Creek,BAT118,2005-02-10,0,NA
Upper Battle Creek,BAT118,2005-02-11,0,NA
Upper Battle Creek,BAT118,2005-02-12,0,NA
Upper Battle Creek,BAT118,2005-02-13,0,NA
Upper Battle Creek,BAT119,2005-02-12,19,37
Upper Battle Creek,BAT119,2005-02-13,2,37
Upper Battle Creek,BAT119,2005-02-14,0,NA
Upper Battle Creek,BAT119,2005-02-15,0,NA
Upper Battle Creek,BAT119,2005-02-16,0,NA
Upper Battle Creek,BAT120,2005-02-16,33,37
Upper Battle Creek,BAT120,2005-02-17,1,37
Upper Battle Creek,BAT120,2005-02-18,0,NA
Upper Battle Creek,BAT120,2005-02-19,0,NA
Upper Battle Creek,BAT120,2005-02-20,0,NA
Upper Battle Creek,BAT121,2005-02-19,30,36
Upper Battle Creek,BAT121,2005-02-20,1,36
Upper Battle Creek,BAT121,2005-02-21,0,NA
Upper Battle Creek,BAT121,2005-02-22,0,NA
Upper Battle Creek,BAT121,2005-02-23,0,NA
Upper Battle Creek,BAT122,2005-02-23,32,37
Upper Battle Creek,BAT122,2005-02-24,2,37
Upper Battle Creek,BAT122,2005-02-25,0,NA
Upper Battle Creek,BAT122,2005-02-26,0,NA
Upper Battle Creek,BAT122,2005-02-27,0,NA
Upper Battle Creek,BAT123,2005-02-26,32,36
Upper Battle Creek,BAT123,2005-02-27,3,36
Upper Battle Creek,BAT123,2005-02-28,0,NA
Upper Battle Creek,BAT123,2005-03-01,0,NA
Upper Battle Creek,BAT123,2005-03-02,0,NA
Upper Battle Creek,BAT124,2005-03-02,19,36
Upper Battle Creek,BAT124,2005-03-03,0,NA
Upper Battle Creek,BAT124,2005-03-04,0,NA
Upper Battle Creek,BAT124,2005-03-05,0,NA
Upper Battle Creek,BAT124,2005-03-06,0,NA
Upper Battle Creek,BAT125,2005-03-05,14,35
Upper Battle Creek,BAT125,2005-03-06,0,NA
Upper Battle Creek,BAT125,2005-03-07,0,NA
Upper Battle Creek,BAT125,2005-03-08,0,NA
Upper Battle Creek,BAT125,2005-03-09,0,NA
Upper Battle Creek,BAT126,2005-03-09,41,36
Upper Battle Creek,BAT126,2005-03-10,0,NA
Upper Battle Creek,BAT126,2005-03-11,0,NA
Upper Battle Creek,BAT126,2005-03-12,0,NA
Upper Battle Creek,BAT126,2005-03-13,0,NA
Upper Battle Creek,BAT127,2005-03-12,26,37
Upper Battle Creek,BAT127,2005-03-13,1,37
Upper Battle Creek,BAT127,2005-03-14,0,NA
Upper Battle Creek,BAT127,2005-03-15,0,NA
Upper Battle Creek,BAT127,2005-03-16,0,NA
Upper Battle Creek,BAT128,2005-03-16,18,36
Upper Battle Creek,BAT128,2005-03-17,3,36
Upper Battle Creek,BAT128,2005-03-18,0,NA
Upper Battle Creek,BAT128,2005-03-19,0,NA
Upper Battle Creek,BAT128,2005-03-20,0,NA
Upper Battle Creek,BAT129,2005-03-23,4,36
Upper Battle Creek,BAT129,2005-03-24,0,NA
Upper Battle Creek,BAT129,2005-03-25,0,NA
Upper Battle Creek,BAT129,2005-03-26,0,NA
Upper Battle Creek,BAT129,2005-03-27,0,NA
Upper Battle Creek,BAT130,2005-03-26,0,NA
Upper Battle Creek,BAT130,2005-03-27,2,39
Upper Battle Creek,BAT130,2005-03-28,0,NA
Upper Battle Creek,BAT130,2005-03-29,0,NA
Upper Battle Creek,BAT130,2005-03-30,0,NA
Upper Battle Creek,BAT131,2005-04-02,8,38
Upper Battle Creek,BAT131,2005-04-03,1,38
Upper Battle Creek,BAT131,2005-04-04,0,NA
Upper Battle Creek,BAT131,2005-04-05,0,NA
Upper Battle Creek,BAT131,2005-04-06,0,NA
Upper Battle Creek,BAT132,2005-04-06,3,43
Upper Battle Creek,BAT132,2005-04-07,0,NA
Upper Battle Creek,BAT132,2005-04-08,1,43
Upper Battle Creek,BAT132,2005-04-09,0,NA
Upper Battle Creek,BAT132,2005-04-10,0,NA
Upper Battle Creek,BAT133,2005-04-09,17,47
Upper Battle Creek,BAT133,2005-04-10,3,47
Upper Battle Creek,BAT133,2005-04-11,0,NA
Upper Battle Creek,BAT133,2005-04-12,0,NA
Upper Battle Creek,BAT133,2005-04-13,0,NA
Upper Battle Creek,BAT134,2005-04-13,10,49
Upper Battle Creek,BAT134,2005-04-14,1,49
Upper Battle Creek,BAT134,2005-04-15,1,49
Upper Battle Creek,BAT134,2005-04-16,0,NA
Upper Battle Creek,BAT134,2005-04-17,0,NA
Upper Battle Creek,BAT135,2005-04-16,11,49
Upper Battle Creek,BAT135,2005-04-17,2,49
Upper Battle Creek,BAT135,2005-04-18,0,NA
Upper Battle Creek,BAT135,2005-04-19,0,NA
Upper Battle Creek,BAT135,2005-04-20,0,NA
Upper Battle Creek,BAT136,2005-04-20,7,41
Upper Battle Creek,BAT136,2005-04-21,0,NA
Upper Battle Creek,BAT136,2005-04-22,0,NA
Upper Battle Creek,BAT136,2005-04-23,0,NA
Upper Battle Creek,BAT136,2005-04-24,0,NA
Upper Battle Creek,BAT137,2005-04-30,2,36
Upper Battle Creek,BAT137,2005-05-01,0,NA
Upper Battle Creek,BAT137,2005-05-02,0,NA
Upper Battle Creek,BAT137,2005-05-03,0,NA
Upper Battle Creek,BAT137,2005-05-04,0,NA
Upper Battle Creek,BAT138,2005-05-07,4,34
Upper Battle Creek,BAT138,2005-05-08,0,NA
Upper Battle Creek,BAT138,2005-05-09,0,NA
Upper Battle Creek,BAT138,2005-05-10,NA,NA
Upper Battle Creek,BAT138,2005-05-11,0,NA
Upper Battle Creek,BAT139,2005-03-16,0,NA
Upper Battle Creek,BAT139,2005-03-17,1,38
Upper Battle Creek,BAT139,2005-03-18,0,NA
Upper Battle Creek,BAT139,2005-03-19,NA,NA
Upper Battle Creek,BAT139,2005-03-20,0,NA
Upper Battle Creek,BAT140,2006-02-01,3,35
Upper Battle Creek,BAT140,2006-02-02,NA,NA
Upper Battle Creek,BAT140,2006-02-03,NA,NA
Upper Battle Creek,BAT140,2006-02-04,NA,NA
Upper Battle Creek,BAT140,2006-02-05,NA,NA
Upper Battle Creek,BAT141,2006-02-08,6,37
Upper Battle Creek,BAT141,2006-02-09,4,37
Upper Battle Creek,BAT141,2006-02-10,1,37
Upper Battle Creek,BAT141,2006-02-11,0,NA
Upper Battle Creek,BAT141,2006-02-12,0,NA
Upper Battle Creek,BAT142,2006-02-11,8,37
Upper Battle Creek,BAT142,2006-02-12,0,NA
Upper Battle Creek,BAT142,2006-02-13,0,NA
Upper Battle Creek,BAT142,2006-02-14,0,NA
Upper Battle Creek,BAT142,2006-02-15,0,NA
Upper Battle Creek,BAT143,2006-02-18,11,36
Upper Battle Creek,BAT143,2006-02-19,1,36
Upper Battle Creek,BAT143,2006-02-20,0,NA
Upper Battle Creek,BAT143,2006-02-21,0,NA
Upper Battle Creek,BAT143,2006-02-22,0,NA
Upper Battle Creek,BAT144,2006-02-25,13,36
Upper Battle Creek,BAT144,2006-02-26,3,36
Upper Battle Creek,BAT144,2006-02-27,0,NA
Upper Battle Creek,BAT144,2006-02-28,NA,NA
Upper Battle Creek,BAT144,2006-03-01,NA,NA
Upper Battle Creek,BAT145,2006-03-22,11,36
Upper Battle Creek,BAT145,2006-03-23,1,36
Upper Battle Creek,BAT145,2006-03-24,0,NA
Upper Battle Creek,BAT145,2006-03-25,0,NA
Upper Battle Creek,BAT145,2006-03-26,NA,NA
Upper Battle Creek,BAT146,2007-12-30,5,39
Upper Battle Creek,BAT146,2007-12-31,1,39
Upper Battle Creek,BAT146,2008-01-01,0,NA
Upper Battle Creek,BAT146,2008-01-02,0,NA
Upper Battle Creek,BAT146,2008-01-03,0,NA
Upper Battle Creek,BAT147,2008-01-02,1,37
Upper Battle Creek,BAT147,2008-01-03,2,37
Upper Battle Creek,BAT147,2008-01-04,1,37
Upper Battle Creek,BAT147,2008-01-05,NA,NA
Upper Battle Creek,BAT147,2008-01-06,NA,NA
Upper Battle Creek,BAT148,2008-01-10,16,39
Upper Battle Creek,BAT148,2008-01-11,3,39
Upper Battle Creek,BAT148,2008-01-12,0,NA
Upper Battle Creek,BAT148,2008-01-13,0,NA
Upper Battle Creek,BAT148,2008-01-14,0,NA
Upper Battle Creek,BAT149,2008-01-10,13,37
Upper Battle Creek,BAT149,2008-01-11,1,37
Upper Battle Creek,BAT149,2008-01-12,0,NA
Upper Battle Creek,BAT149,2008-01-13,0,NA
Upper Battle Creek,BAT149,2008-01-14,0,NA
Upper Battle Creek,BAT150,2008-01-13,7,37
Upper Battle Creek,BAT150,2008-01-14,2,37
Upper Battle Creek,BAT150,2008-01-15,0,NA
Upper Battle Creek,BAT150,2008-01-16,0,NA
Upper Battle Creek,BAT150,2008-01-17,0,NA
Upper Battle Creek,BAT151,2008-01-13,11,36
Upper Battle Creek,BAT151,2008-01-14,1,36
Upper Battle Creek,BAT151,2008-01-15,0,NA
Upper Battle Creek,BAT151,2008-01-16,0,NA
Upper Battle Creek,BAT151,2008-01-17,0,NA
Upper Battle Creek,BAT152,2008-01-16,3,37
Upper Battle Creek,BAT152,2008-01-17,2,37
Upper Battle Creek,BAT152,2008-01-18,0,NA
Upper Battle Creek,BAT152,2008-01-19,0,NA
Upper Battle Creek,BAT152,2008-01-20,0,NA
Upper Battle Creek,BAT153,2008-01-16,17,38
Upper Battle Creek,BAT153,2008-01-17,2,38
Upper Battle Creek,BAT153,2008-01-18,0,NA
Upper Battle Creek,BAT153,2008-01-19,1,38
Upper Battle Creek,BAT153,2008-01-20,0,NA
Upper Battle Creek,BAT154,2008-01-20,4,38
Upper Battle Creek,BAT154,2008-01-21,1,38
Upper Battle Creek,BAT154,2008-01-22,0,NA
Upper Battle Creek,BAT154,2008-01-23,0,NA
Upper Battle Creek,BAT154,2008-01-24,0,NA
Upper Battle Creek,BAT155,2008-01-20,16,37
Upper Battle Creek,BAT155,2008-01-21,1,37
Upper Battle Creek,BAT155,2008-01-22,2,37
Upper Battle Creek,BAT155,2008-01-23,0,NA
Upper Battle Creek,BAT155,2008-01-24,0,NA
Upper Battle Creek,BAT156,2008-01-24,8,38
Upper Battle Creek,BAT156,2008-01-25,0,NA
Upper Battle Creek,BAT156,2008-01-26,1,38
Upper Battle Creek,BAT156,2008-01-27,NA,NA
Upper Battle Creek,BAT156,2008-01-28,0,NA
Upper Battle Creek,BAT157,2008-01-24,12,38
Upper Battle Creek,BAT157,2008-01-25,1,38
Upper Battle Creek,BAT157,2008-01-26,0,NA
Upper Battle Creek,BAT157,2008-01-27,NA,NA
Upper Battle Creek,BAT157,2008-01-28,0,NA
Upper Battle Creek,BAT158,2008-01-28,2,40
Upper Battle Creek,BAT158,2008-01-29,0,NA
Upper Battle Creek,BAT158,2008-01-30,0,NA
Upper Battle Creek,BAT158,2008-01-31,0,NA
Upper Battle Creek,BAT158,2008-02-01,0,NA
Upper Battle Creek,BAT159,2008-01-28,2,38
Upper Battle Creek,BAT159,2008-01-29,0,NA
Upper Battle Creek,BAT159,2008-01-30,0,NA
Upper Battle Creek,BAT159,2008-01-31,0,NA
Upper Battle Creek,BAT159,2008-02-01,0,NA
Upper Battle Creek,BAT160,2008-01-30,20,39
Upper Battle Creek,BAT160,2008-01-31,0,NA
Upper Battle Creek,BAT160,2008-02-01,0,NA
Upper Battle Creek,BAT160,2008-02-02,0,NA
Upper Battle Creek,BAT160,2008-02-03,0,NA
Upper Battle Creek,BAT161,2008-01-30,14,38
Upper Battle Creek,BAT161,2008-01-31,1,38
Upper Battle Creek,BAT161,2008-02-01,0,NA
Upper Battle Creek,BAT161,2008-02-02,0,NA
Upper Battle Creek,BAT161,2008-02-03,0,NA
Upper Battle Creek,BAT162,2008-02-04,3,41
Upper Battle Creek,BAT162,2008-02-05,1,41
Upper Battle Creek,BAT162,2008-02-06,0,NA
Upper Battle Creek,BAT162,2008-02-07,0,NA
Upper Battle Creek,BAT162,2008-02-08,0,NA
Upper Battle Creek,BAT163,2008-02-04,1,38
Upper Battle Creek,BAT163,2008-02-05,3,38
Upper Battle Creek,BAT163,2008-02-06,0,NA
Upper Battle Creek,BAT163,2008-02-07,0,NA
Upper Battle Creek,BAT163,2008-02-08,0,NA
Upper Battle Creek,BAT164,2008-02-06,7,40
Upper Battle Creek,BAT164,2008-02-07,0,NA
Upper Battle Creek,BAT164,2008-02-08,0,NA
Upper Battle Creek,BAT164,2008-02-09,0,NA
Upper Battle Creek,BAT164,2008-02-10,0,NA
Upper Battle Creek,BAT165,2008-02-06,9,39
Upper Battle Creek,BAT165,2008-02-07,0,NA
Upper Battle Creek,BAT165,2008-02-08,0,NA
Upper Battle Creek,BAT165,2008-02-09,0,NA
Upper Battle Creek,BAT165,2008-02-10,0,NA
Upper Battle Creek,BAT166,2008-02-10,4,39
Upper Battle Creek,BAT166,2008-02-11,1,39
Upper Battle Creek,BAT166,2008-02-12,0,NA
Upper Battle Creek,BAT166,2008-02-13,0,NA
Upper Battle Creek,BAT166,2008-02-14,0,NA
Upper Battle Creek,BAT167,2008-02-10,8,38
Upper Battle Creek,BAT167,2008-02-11,1,38
Upper Battle Creek,BAT167,2008-02-12,0,NA
Upper Battle Creek,BAT167,2008-02-13,0,NA
Upper Battle Creek,BAT167,2008-02-14,0,NA
Upper Battle Creek,BAT168,2008-02-13,5,39
Upper Battle Creek,BAT168,2008-02-14,0,NA
Upper Battle Creek,BAT168,2008-02-15,1,39
Upper Battle Creek,BAT168,2008-02-16,0,NA
Upper Battle Creek,BAT168,2008-02-17,0,NA
Upper Battle Creek,BAT169,2008-02-13,11,38
Upper Battle Creek,BAT169,2008-02-14,0,NA
Upper Battle Creek,BAT169,2008-02-15,0,NA
Upper Battle Creek,BAT169,2008-02-16,0,NA
Upper Battle Creek,BAT169,2008-02-17,0,NA
Upper Battle Creek,BAT170,2008-02-17,24,38
Upper Battle Creek,BAT170,2008-02-18,2,38
Upper Battle Creek,BAT170,2008-02-19,0,NA
Upper Battle Creek,BAT170,2008-02-20,0,NA
Upper Battle Creek,BAT170,2008-02-21,0,NA
Upper Battle Creek,BAT171,2008-02-17,47,38
Upper Battle Creek,BAT171,2008-02-18,2,38
Upper Battle Creek,BAT171,2008-02-19,0,NA
Upper Battle Creek,BAT171,2008-02-20,0,NA
Upper Battle Creek,BAT171,2008-02-21,0,NA
Upper Battle Creek,BAT172,2008-02-21,3,38
Upper Battle Creek,BAT172,2008-02-22,0,NA
Upper Battle Creek,BAT172,2008-02-23,0,NA
Upper Battle Creek,BAT172,2008-02-24,0,NA
Upper Battle Creek,BAT172,2008-02-25,NA,NA
Upper Battle Creek,BAT173,2008-02-21,10,38
Upper Battle Creek,BAT173,2008-02-22,1,38
Upper Battle Creek,BAT173,2008-02-23,0,NA
Upper Battle Creek,BAT173,2008-02-24,0,NA
Upper Battle Creek,BAT173,2008-02-25,NA,NA
Upper Battle Creek,BAT174,2008-02-23,4,38
Upper Battle Creek,BAT174,2008-02-24,0,NA
Upper Battle Creek,BAT174,2008-02-25,NA,NA
Upper Battle Creek,BAT174,2008-02-26,0,NA
Upper Battle Creek,BAT174,2008-02-27,0,NA
Upper Battle Creek,BAT175,2008-02-23,11,38
Upper Battle Creek,BAT175,2008-02-24,0,NA
Upper Battle Creek,BAT175,2008-02-25,NA,NA
Upper Battle Creek,BAT175,2008-02-26,0,NA
Upper Battle Creek,BAT175,2008-02-27,0,NA
Upper Battle Creek,BAT176,2008-02-27,2,37
Upper Battle Creek,BAT176,2008-02-28,1,37
Upper Battle Creek,BAT176,2008-02-29,0,NA
Upper Battle Creek,BAT176,2008-03-01,0,NA
Upper Battle Creek,BAT176,2008-03-02,0,NA
Upper Battle Creek,BAT177,2008-02-27,12,38
Upper Battle Creek,BAT177,2008-02-28,0,NA
Upper Battle Creek,BAT177,2008-02-29,0,NA
Upper Battle Creek,BAT177,2008-03-01,0,NA
Upper Battle Creek,BAT177,2008-03-02,0,NA
Upper Battle Creek,BAT178,2008-03-02,6,39
Upper Battle Creek,BAT178,2008-03-03,0,NA
Upper Battle Creek,BAT178,2008-03-04,0,NA
Upper Battle Creek,BAT178,2008-03-05,0,NA
Upper Battle Creek,BAT178,2008-03-06,0,NA
Upper Battle Creek,BAT179,2008-03-02,14,37
Upper Battle Creek,BAT179,2008-03-03,0,NA
Upper Battle Creek,BAT179,2008-03-04,0,NA
Upper Battle Creek,BAT179,2008-03-05,0,NA
Upper Battle Creek,BAT179,2008-03-06,0,NA
Upper Battle Creek,BAT180,2008-03-05,5,39
Upper Battle Creek,BAT180,2008-03-06,0,NA
Upper Battle Creek,BAT180,2008-03-07,0,NA
Upper Battle Creek,BAT180,2008-03-08,0,NA
Upper Battle Creek,BAT180,2008-03-09,0,NA
Upper Battle Creek,BAT181,2008-03-05,2,39
Upper Battle Creek,BAT181,2008-03-06,0,NA
Upper Battle Creek,BAT181,2008-03-07,0,NA
Upper Battle Creek,BAT181,2008-03-08,0,NA
Upper Battle Creek,BAT181,2008-03-09,0,NA
Upper Battle Creek,BAT182,2008-03-09,6,38
Upper Battle Creek,BAT182,2008-03-10,2,38
Upper Battle Creek,BAT182,2008-03-11,0,NA
Upper Battle Creek,BAT182,2008-03-12,0,NA
Upper Battle Creek,BAT182,2008-03-13,0,NA
Upper Battle Creek,BAT183,2008-03-09,5,37
Upper Battle Creek,BAT183,2008-03-10,1,37
Upper Battle Creek,BAT183,2008-03-11,0,NA
Upper Battle Creek,BAT183,2008-03-12,0,NA
Upper Battle Creek,BAT183,2008-03-13,0,NA
Upper Battle Creek,BAT184,2008-03-12,3,40
Upper Battle Creek,BAT184,2008-03-13,0,NA
Upper Battle Creek,BAT184,2008-03-14,0,NA
Upper Battle Creek,BAT184,2008-03-15,0,NA
Upper Battle Creek,BAT184,2008-03-16,0,NA
Upper Battle Creek,BAT185,2008-03-12,4,37
Upper Battle Creek,BAT185,2008-03-13,0,NA
Upper Battle Creek,BAT185,2008-03-14,0,NA
Upper Battle Creek,BAT185,2008-03-15,0,NA
Upper Battle Creek,BAT185,2008-03-16,0,NA
Upper Battle Creek,BAT186,2008-03-16,11,43
Upper Battle Creek,BAT186,2008-03-17,2,43
Upper Battle Creek,BAT186,2008-03-18,1,43
Upper Battle Creek,BAT186,2008-03-19,0,NA
Upper Battle Creek,BAT186,2008-03-20,0,NA
Upper Battle Creek,BAT187,2008-03-16,2,36
Upper Battle Creek,BAT187,2008-03-17,1,36
Upper Battle Creek,BAT187,2008-03-18,0,NA
Upper Battle Creek,BAT187,2008-03-19,0,NA
Upper Battle Creek,BAT187,2008-03-20,0,NA
Upper Battle Creek,BAT188,2008-03-19,17,43
Upper Battle Creek,BAT188,2008-03-20,2,43
Upper Battle Creek,BAT188,2008-03-21,0,NA
Upper Battle Creek,BAT188,2008-03-22,0,NA
Upper Battle Creek,BAT188,2008-03-23,0,NA
Upper Battle Creek,BAT189,2008-03-19,19,36
Upper Battle Creek,BAT189,2008-03-20,0,NA
Upper Battle Creek,BAT189,2008-03-21,1,36
Upper Battle Creek,BAT189,2008-03-22,0,NA
Upper Battle Creek,BAT189,2008-03-23,0,NA
Upper Battle Creek,BAT190,2008-03-23,6,45
Upper Battle Creek,BAT190,2008-03-24,2,45
Upper Battle Creek,BAT190,2008-03-25,1,45
Upper Battle Creek,BAT190,2008-03-26,0,NA
Upper Battle Creek,BAT190,2008-03-27,0,NA
Upper Battle Creek,BAT191,2008-03-26,7,47
Upper Battle Creek,BAT191,2008-03-27,6,47
Upper Battle Creek,BAT191,2008-03-28,1,47
Upper Battle Creek,BAT191,2008-03-29,0,NA
Upper Battle Creek,BAT191,2008-03-30,0,NA
Upper Battle Creek,BAT192,2008-03-26,2,35
Upper Battle Creek,BAT192,2008-03-27,1,35
Upper Battle Creek,BAT192,2008-03-28,0,NA
Upper Battle Creek,BAT192,2008-03-29,0,NA
Upper Battle Creek,BAT192,2008-03-30,0,NA
Upper Battle Creek,BAT193,2008-03-30,8,53
Upper Battle Creek,BAT193,2008-03-31,1,53
Upper Battle Creek,BAT193,2008-04-01,1,53
Upper Battle Creek,BAT193,2008-04-02,0,NA
Upper Battle Creek,BAT193,2008-04-03,0,NA
Upper Battle Creek,BAT194,2008-04-02,7,51
Upper Battle Creek,BAT194,2008-04-03,3,51
Upper Battle Creek,BAT194,2008-04-04,0,NA
Upper Battle Creek,BAT194,2008-04-05,0,NA
Upper Battle Creek,BAT194,2008-04-06,0,NA
Upper Battle Creek,BAT195,2008-04-06,8,49
Upper Battle Creek,BAT195,2008-04-07,0,NA
Upper Battle Creek,BAT195,2008-04-08,2,49
Upper Battle Creek,BAT195,2008-04-09,0,NA
Upper Battle Creek,BAT195,2008-04-10,0,NA
Upper Battle Creek,BAT196,2008-04-09,32,52
Upper Battle Creek,BAT196,2008-04-10,1,52
Upper Battle Creek,BAT196,2008-04-11,0,NA
Upper Battle Creek,BAT196,2008-04-12,0,NA
Upper Battle Creek,BAT196,2008-04-13,0,NA
Upper Battle Creek,BAT197,2008-12-29,12,36
Upper Battle Creek,BAT197,2008-12-30,0,NA
Upper Battle Creek,BAT197,2008-12-31,0,NA
Upper Battle Creek,BAT197,2009-01-01,0,NA
Upper Battle Creek,BAT197,2009-01-02,0,NA
Upper Battle Creek,BAT198,2009-01-04,16,38
Upper Battle Creek,BAT198,2009-01-05,0,NA
Upper Battle Creek,BAT198,2009-01-06,0,NA
Upper Battle Creek,BAT198,2009-01-07,0,NA
Upper Battle Creek,BAT198,2009-01-08,0,NA
Upper Battle Creek,BAT199,2009-01-07,8,36
Upper Battle Creek,BAT199,2009-01-08,1,36
Upper Battle Creek,BAT199,2009-01-09,0,NA
Upper Battle Creek,BAT199,2009-01-10,1,36
Upper Battle Creek,BAT199,2009-01-11,0,NA
Upper Battle Creek,BAT200,2009-01-11,23,37
Upper Battle Creek,BAT200,2009-01-12,3,37
Upper Battle Creek,BAT200,2009-01-13,0,NA
Upper Battle Creek,BAT200,2009-01-14,0,NA
Upper Battle Creek,BAT200,2009-01-15,0,NA
Upper Battle Creek,BAT201,2009-01-14,20,36
Upper Battle Creek,BAT201,2009-01-15,1,36
Upper Battle Creek,BAT201,2009-01-16,0,NA
Upper Battle Creek,BAT201,2009-01-17,1,36
Upper Battle Creek,BAT201,2009-01-18,0,NA
Upper Battle Creek,BAT202,2009-01-18,16,37
Upper Battle Creek,BAT202,2009-01-19,0,NA
Upper Battle Creek,BAT202,2009-01-20,0,NA
Upper Battle Creek,BAT202,2009-01-21,0,NA
Upper Battle Creek,BAT202,2009-01-22,0,NA
Upper Battle Creek,BAT203,2009-01-21,3,36
Upper Battle Creek,BAT203,2009-01-22,2,36
Upper Battle Creek,BAT203,2009-01-23,0,NA
Upper Battle Creek,BAT203,2009-01-24,1,36
Upper Battle Creek,BAT203,2009-01-25,0,NA
Upper Battle Creek,BAT204,2009-01-25,8,48
Upper Battle Creek,BAT204,2009-01-26,0,NA
Upper Battle Creek,BAT204,2009-01-27,0,NA
Upper Battle Creek,BAT204,2009-01-28,0,NA
Upper Battle Creek,BAT204,2009-01-29,0,NA
Upper Battle Creek,BAT205,2009-01-25,21,38
Upper Battle Creek,BAT205,2009-01-26,0,NA
Upper Battle Creek,BAT205,2009-01-27,0,NA
Upper Battle Creek,BAT205,2009-01-28,0,NA
Upper Battle Creek,BAT205,2009-01-29,0,NA
Upper Battle Creek,BAT206,2009-01-25,17,38
Upper Battle Creek,BAT206,2009-01-26,0,NA
Upper Battle Creek,BAT206,2009-01-27,0,NA
Upper Battle Creek,BAT206,2009-01-28,0,NA
Upper Battle Creek,BAT206,2009-01-29,0,NA
Upper Battle Creek,BAT207,2009-01-28,31,37
Upper Battle Creek,BAT207,2009-01-29,4,37
Upper Battle Creek,BAT207,2009-01-30,0,NA
Upper Battle Creek,BAT207,2009-01-31,0,NA
Upper Battle Creek,BAT207,2009-02-01,0,NA
Upper Battle Creek,BAT208,2009-01-28,10,38
Upper Battle Creek,BAT208,2009-01-29,3,38
Upper Battle Creek,BAT208,2009-01-30,0,NA
Upper Battle Creek,BAT208,2009-01-31,0,NA
Upper Battle Creek,BAT208,2009-02-01,0,NA
Upper Battle Creek,BAT209,2009-02-01,36,37
Upper Battle Creek,BAT209,2009-02-02,0,NA
Upper Battle Creek,BAT209,2009-02-03,0,NA
Upper Battle Creek,BAT209,2009-02-04,0,NA
Upper Battle Creek,BAT209,2009-02-05,0,NA
Upper Battle Creek,BAT210,2009-02-01,10,51
Upper Battle Creek,BAT210,2009-02-02,1,51
Upper Battle Creek,BAT210,2009-02-03,0,NA
Upper Battle Creek,BAT210,2009-02-04,0,NA
Upper Battle Creek,BAT210,2009-02-05,0,NA
Upper Battle Creek,BAT211,2009-02-01,9,37
Upper Battle Creek,BAT211,2009-02-02,0,NA
Upper Battle Creek,BAT211,2009-02-03,0,NA
Upper Battle Creek,BAT211,2009-02-04,0,NA
Upper Battle Creek,BAT211,2009-02-05,0,NA
Upper Battle Creek,BAT212,2009-02-04,30,37
Upper Battle Creek,BAT212,2009-02-05,7,37
Upper Battle Creek,BAT212,2009-02-06,2,37
Upper Battle Creek,BAT212,2009-02-07,3,37
Upper Battle Creek,BAT212,2009-02-08,0,NA
Upper Battle Creek,BAT213,2009-02-04,11,46
Upper Battle Creek,BAT213,2009-02-05,9,46
Upper Battle Creek,BAT213,2009-02-06,2,46
Upper Battle Creek,BAT213,2009-02-07,0,NA
Upper Battle Creek,BAT213,2009-02-08,0,NA
Upper Battle Creek,BAT214,2009-02-04,17,38
Upper Battle Creek,BAT214,2009-02-05,2,38
Upper Battle Creek,BAT214,2009-02-06,1,38
Upper Battle Creek,BAT214,2009-02-07,0,NA
Upper Battle Creek,BAT214,2009-02-08,0,NA
Upper Battle Creek,BAT215,2009-02-08,23,37
Upper Battle Creek,BAT215,2009-02-09,1,37
Upper Battle Creek,BAT215,2009-02-10,0,NA
Upper Battle Creek,BAT215,2009-02-11,0,NA
Upper Battle Creek,BAT215,2009-02-12,0,NA
Upper Battle Creek,BAT216,2009-02-08,26,49
Upper Battle Creek,BAT216,2009-02-09,1,49
Upper Battle Creek,BAT216,2009-02-10,0,NA
Upper Battle Creek,BAT216,2009-02-11,0,NA
Upper Battle Creek,BAT216,2009-02-12,0,NA
Upper Battle Creek,BAT217,2009-02-08,41,39
Upper Battle Creek,BAT217,2009-02-09,1,39
Upper Battle Creek,BAT217,2009-02-10,0,NA
Upper Battle Creek,BAT217,2009-02-11,0,NA
Upper Battle Creek,BAT217,2009-02-12,0,NA
Upper Battle Creek,BAT218,2009-02-11,8,49
Upper Battle Creek,BAT218,2009-02-12,3,49
Upper Battle Creek,BAT218,2009-02-13,1,49
Upper Battle Creek,BAT218,2009-02-14,0,NA
Upper Battle Creek,BAT218,2009-02-15,NA,NA
Upper Battle Creek,BAT219,2009-02-11,22,40
Upper Battle Creek,BAT219,2009-02-12,3,40
Upper Battle Creek,BAT219,2009-02-13,0,NA
Upper Battle Creek,BAT219,2009-02-14,0,NA
Upper Battle Creek,BAT219,2009-02-15,NA,NA
Upper Battle Creek,BAT220,2009-02-11,4,37
Upper Battle Creek,BAT220,2009-02-12,1,37
Upper Battle Creek,BAT220,2009-02-13,1,37
Upper Battle Creek,BAT220,2009-02-14,0,NA
Upper Battle Creek,BAT220,2009-02-15,NA,NA
Upper Battle Creek,BAT221,2009-02-19,4,49
Upper Battle Creek,BAT221,2009-02-20,2,49
Upper Battle Creek,BAT221,2009-02-21,0,NA
Upper Battle Creek,BAT221,2009-02-22,0,NA
Upper Battle Creek,BAT221,2009-02-23,NA,NA
Upper Battle Creek,BAT222,2009-02-19,4,40
Upper Battle Creek,BAT222,2009-02-20,4,40
Upper Battle Creek,BAT222,2009-02-21,0,NA
Upper Battle Creek,BAT222,2009-02-22,0,NA
Upper Battle Creek,BAT222,2009-02-23,NA,NA
Upper Battle Creek,BAT223,2009-02-20,37,37
Upper Battle Creek,BAT223,2009-02-21,7,37
Upper Battle Creek,BAT223,2009-02-22,0,NA
Upper Battle Creek,BAT223,2009-02-23,NA,NA
Upper Battle Creek,BAT223,2009-02-24,NA,NA
Upper Battle Creek,BAT224,2009-02-26,17,38
Upper Battle Creek,BAT224,2009-02-27,0,NA
Upper Battle Creek,BAT224,2009-02-28,0,NA
Upper Battle Creek,BAT224,2009-03-01,1,38
Upper Battle Creek,BAT224,2009-03-02,NA,NA
Upper Battle Creek,BAT225,2009-02-26,19,52
Upper Battle Creek,BAT225,2009-02-27,1,52
Upper Battle Creek,BAT225,2009-02-28,3,52
Upper Battle Creek,BAT225,2009-03-01,4,52
Upper Battle Creek,BAT225,2009-03-02,NA,NA
Upper Battle Creek,BAT226,2009-02-26,23,38
Upper Battle Creek,BAT226,2009-02-27,0,NA
Upper Battle Creek,BAT226,2009-02-28,0,NA
Upper Battle Creek,BAT226,2009-03-01,0,NA
Upper Battle Creek,BAT226,2009-03-02,NA,NA
Upper Battle Creek,BAT227,2009-03-08,14,41
Upper Battle Creek,BAT227,2009-03-09,1,41
Upper Battle Creek,BAT227,2009-03-10,0,NA
Upper Battle Creek,BAT227,2009-03-11,0,NA
Upper Battle Creek,BAT227,2009-03-12,0,NA
Upper Battle Creek,BAT228,2009-03-08,19,56
Upper Battle Creek,BAT228,2009-03-09,1,56
Upper Battle Creek,BAT228,2009-03-10,0,NA
Upper Battle Creek,BAT228,2009-03-11,0,NA
Upper Battle Creek,BAT228,2009-03-12,0,NA
Upper Battle Creek,BAT229,2009-03-11,21,62
Upper Battle Creek,BAT229,2009-03-12,1,62
Upper Battle Creek,BAT229,2009-03-13,0,NA
Upper Battle Creek,BAT229,2009-03-14,0,NA
Upper Battle Creek,BAT229,2009-03-15,0,NA
Upper Battle Creek,BAT230,2009-03-11,8,41
Upper Battle Creek,BAT230,2009-03-12,1,41
Upper Battle Creek,BAT230,2009-03-13,0,NA
Upper Battle Creek,BAT230,2009-03-14,0,NA
Upper Battle Creek,BAT230,2009-03-15,0,NA
Upper Battle Creek,BAT231,2009-03-11,18,40
Upper Battle Creek,BAT231,2009-03-12,1,40
Upper Battle Creek,BAT231,2009-03-13,0,NA
Upper Battle Creek,BAT231,2009-03-14,0,NA
Upper Battle Creek,BAT231,2009-03-15,0,NA
Upper Battle Creek,BAT232,2009-03-15,22,58
Upper Battle Creek,BAT232,2009-03-16,1,58
Upper Battle Creek,BAT232,2009-03-17,0,NA
Upper Battle Creek,BAT232,2009-03-18,0,NA
Upper Battle Creek,BAT232,2009-03-19,0,NA
Upper Battle Creek,BAT233,2009-03-15,11,41
Upper Battle Creek,BAT233,2009-03-16,6,41
Upper Battle Creek,BAT233,2009-03-17,0,NA
Upper Battle Creek,BAT233,2009-03-18,0,NA
Upper Battle Creek,BAT233,2009-03-19,0,NA
Upper Battle Creek,BAT234,2009-03-18,23,42
Upper Battle Creek,BAT234,2009-03-19,0,NA
Upper Battle Creek,BAT234,2009-03-20,0,NA
Upper Battle Creek,BAT234,2009-03-21,0,NA
Upper Battle Creek,BAT234,2009-03-22,0,NA
Upper Battle Creek,BAT235,2009-03-18,28,62
Upper Battle Creek,BAT235,2009-03-19,0,NA
Upper Battle Creek,BAT235,2009-03-20,1,62
Upper Battle Creek,BAT235,2009-03-21,0,NA
Upper Battle Creek,BAT235,2009-03-22,0,NA
Upper Battle Creek,BAT236,2009-03-18,10,40
Upper Battle Creek,BAT236,2009-03-19,0,NA
Upper Battle Creek,BAT236,2009-03-20,0,NA
Upper Battle Creek,BAT236,2009-03-21,0,NA
Upper Battle Creek,BAT236,2009-03-22,0,NA
Upper Battle Creek,BAT237,2009-03-22,14,46
Upper Battle Creek,BAT237,2009-03-23,1,46
Upper Battle Creek,BAT237,2009-03-24,1,46
Upper Battle Creek,BAT237,2009-03-25,0,NA
Upper Battle Creek,BAT237,2009-03-26,0,NA
Upper Battle Creek,BAT238,2009-03-22,3,37
Upper Battle Creek,BAT238,2009-03-23,1,37
Upper Battle Creek,BAT238,2009-03-24,0,NA
Upper Battle Creek,BAT238,2009-03-25,0,NA
Upper Battle Creek,BAT238,2009-03-26,0,NA
Upper Battle Creek,BAT239,2009-03-22,15,64
Upper Battle Creek,BAT239,2009-03-23,5,64
Upper Battle Creek,BAT239,2009-03-24,0,NA
Upper Battle Creek,BAT239,2009-03-25,0,NA
Upper Battle Creek,BAT239,2009-03-26,0,NA
Upper Battle Creek,BAT240,2009-03-25,13,46
Upper Battle Creek,BAT240,2009-03-26,1,46
Upper Battle Creek,BAT240,2009-03-27,0,NA
Upper Battle Creek,BAT240,2009-03-28,0,NA
Upper Battle Creek,BAT240,2009-03-29,0,NA
Upper Battle Creek,BAT241,2009-03-25,23,65
Upper Battle Creek,BAT241,2009-03-26,3,65
Upper Battle Creek,BAT241,2009-03-27,0,NA
Upper Battle Creek,BAT241,2009-03-28,1,65
Upper Battle Creek,BAT241,2009-03-29,1,65
Upper Battle Creek,BAT242,2009-03-29,15,48
Upper Battle Creek,BAT242,2009-03-30,1,48
Upper Battle Creek,BAT242,2009-03-31,0,NA
Upper Battle Creek,BAT242,2009-04-01,0,NA
Upper Battle Creek,BAT242,2009-04-02,0,NA
Upper Battle Creek,BAT243,2009-03-29,27,70
Upper Battle Creek,BAT243,2009-03-30,1,70
Upper Battle Creek,BAT243,2009-03-31,1,70
Upper Battle Creek,BAT243,2009-04-01,0,NA
Upper Battle Creek,BAT243,2009-04-02,0,NA
Upper Battle Creek,BAT244,2009-04-01,10,66
Upper Battle Creek,BAT244,2009-04-02,1,66
Upper Battle Creek,BAT244,2009-04-03,0,NA
Upper Battle Creek,BAT244,2009-04-04,0,NA
Upper Battle Creek,BAT244,2009-04-05,0,NA
Upper Battle Creek,BAT245,2009-04-01,9,52
Upper Battle Creek,BAT245,2009-04-02,0,NA
Upper Battle Creek,BAT245,2009-04-03,1,52
Upper Battle Creek,BAT245,2009-04-04,0,NA
Upper Battle Creek,BAT245,2009-04-05,0,NA
Upper Battle Creek,BAT246,2009-04-05,17,53
Upper Battle Creek,BAT246,2009-04-06,1,53
Upper Battle Creek,BAT246,2009-04-07,1,53
Upper Battle Creek,BAT246,2009-04-08,0,NA
Upper Battle Creek,BAT246,2009-04-09,0,NA
Upper Battle Creek,BAT247,2009-04-05,22,68
Upper Battle Creek,BAT247,2009-04-06,2,68
Upper Battle Creek,BAT247,2009-04-07,0,NA
Upper Battle Creek,BAT247,2009-04-08,0,NA
Upper Battle Creek,BAT247,2009-04-09,0,NA
Upper Battle Creek,BAT248,2009-04-08,3,58
Upper Battle Creek,BAT248,2009-04-09,3,58
Upper Battle Creek,BAT248,2009-04-10,0,NA
Upper Battle Creek,BAT248,2009-04-11,0,NA
Upper Battle Creek,BAT248,2009-04-12,0,NA
Upper Battle Creek,BAT249,2009-04-08,12,72
Upper Battle Creek,BAT249,2009-04-09,0,NA
Upper Battle Creek,BAT249,2009-04-10,2,72
Upper Battle Creek,BAT249,2009-04-11,0,NA
Upper Battle Creek,BAT249,2009-04-12,0,NA
Upper Battle Creek,BAT250,2010-01-06,23,38
Upper Battle Creek,BAT250,2010-01-07,1,38
Upper Battle Creek,BAT250,2010-01-08,0,NA
Upper Battle Creek,BAT250,2010-01-09,0,NA
Upper Battle Creek,BAT250,2010-01-10,1,38
Upper Battle Creek,BAT251,2010-01-06,23,37
Upper Battle Creek,BAT251,2010-01-07,0,NA
Upper Battle Creek,BAT251,2010-01-08,0,NA
Upper Battle Creek,BAT251,2010-01-09,0,NA
Upper Battle Creek,BAT251,2010-01-10,0,NA
Upper Battle Creek,BAT252,2010-01-06,26,38
Upper Battle Creek,BAT252,2010-01-07,0,NA
Upper Battle Creek,BAT252,2010-01-08,0,NA
Upper Battle Creek,BAT252,2010-01-09,0,NA
Upper Battle Creek,BAT252,2010-01-10,0,NA
Upper Battle Creek,BAT253,2010-01-13,47,36
Upper Battle Creek,BAT253,2010-01-14,0,NA
Upper Battle Creek,BAT253,2010-01-15,0,NA
Upper Battle Creek,BAT253,2010-01-16,0,NA
Upper Battle Creek,BAT253,2010-01-17,0,NA
Upper Battle Creek,BAT254,2010-01-24,46,38
Upper Battle Creek,BAT254,2010-01-25,1,38
Upper Battle Creek,BAT254,2010-01-26,NA,NA
Upper Battle Creek,BAT254,2010-01-27,0,NA
Upper Battle Creek,BAT254,2010-01-28,0,NA
Upper Battle Creek,BAT255,2010-02-03,18,37
Upper Battle Creek,BAT255,2010-02-04,1,37
Upper Battle Creek,BAT255,2010-02-05,0,NA
Upper Battle Creek,BAT255,2010-02-06,0,NA
Upper Battle Creek,BAT255,2010-02-07,0,NA
Upper Battle Creek,BAT256,2010-02-03,19,37
Upper Battle Creek,BAT256,2010-02-04,2,37
Upper Battle Creek,BAT256,2010-02-05,0,NA
Upper Battle Creek,BAT256,2010-02-06,0,NA
Upper Battle Creek,BAT256,2010-02-07,0,NA
Upper Battle Creek,BAT257,2010-02-10,10,36
Upper Battle Creek,BAT257,2010-02-11,0,NA
Upper Battle Creek,BAT257,2010-02-12,0,NA
Upper Battle Creek,BAT257,2010-02-13,0,NA
Upper Battle Creek,BAT257,2010-02-14,0,NA
Upper Battle Creek,BAT258,2010-02-10,16,36
Upper Battle Creek,BAT258,2010-02-11,0,NA
Upper Battle Creek,BAT258,2010-02-12,0,NA
Upper Battle Creek,BAT258,2010-02-13,0,NA
Upper Battle Creek,BAT258,2010-02-14,0,NA
Upper Battle Creek,BAT259,2010-02-15,47,36
Upper Battle Creek,BAT259,2010-02-16,0,NA
Upper Battle Creek,BAT259,2010-02-17,0,NA
Upper Battle Creek,BAT259,2010-02-18,0,NA
Upper Battle Creek,BAT259,2010-02-19,0,NA
Upper Battle Creek,BAT260,2010-02-15,49,37
Upper Battle Creek,BAT260,2010-02-16,3,37
Upper Battle Creek,BAT260,2010-02-17,0,NA
Upper Battle Creek,BAT260,2010-02-18,0,NA
Upper Battle Creek,BAT260,2010-02-19,0,NA
Upper Battle Creek,BAT261,2010-02-23,60,36
Upper Battle Creek,BAT261,2010-02-24,4,36
Upper Battle Creek,BAT261,2010-02-25,0,NA
Upper Battle Creek,BAT261,2010-02-26,0,NA
Upper Battle Creek,BAT261,2010-02-27,0,NA
Upper Battle Creek,BAT262,2010-02-23,51,37
Upper Battle Creek,BAT262,2010-02-24,2,37
Upper Battle Creek,BAT262,2010-02-25,0,NA
Upper Battle Creek,BAT262,2010-02-26,0,NA
Upper Battle Creek,BAT262,2010-02-27,0,NA
Upper Battle Creek,BAT263,2010-02-23,52,37
Upper Battle Creek,BAT263,2010-02-24,4,37
Upper Battle Creek,BAT263,2010-02-25,0,NA
Upper Battle Creek,BAT263,2010-02-26,0,NA
Upper Battle Creek,BAT263,2010-02-27,0,NA
Upper Battle Creek,BAT264,2011-01-13,29,37
Upper Battle Creek,BAT264,2011-01-14,0,NA
Upper Battle Creek,BAT264,2011-01-15,0,NA
Upper Battle Creek,BAT264,2011-01-16,0,NA
Upper Battle Creek,BAT264,2011-01-17,0,NA
Upper Battle Creek,BAT265,2011-01-13,36,37
Upper Battle Creek,BAT265,2011-01-14,5,37
Upper Battle Creek,BAT265,2011-01-15,0,NA
Upper Battle Creek,BAT265,2011-01-16,0,NA
Upper Battle Creek,BAT265,2011-01-17,0,NA
Upper Battle Creek,BAT266,2011-01-20,15,37
Upper Battle Creek,BAT266,2011-01-21,0,NA
Upper Battle Creek,BAT266,2011-01-22,1,37
Upper Battle Creek,BAT266,2011-01-23,0,NA
Upper Battle Creek,BAT266,2011-01-24,0,NA
Upper Battle Creek,BAT267,2011-01-20,22,38
Upper Battle Creek,BAT267,2011-01-21,1,38
Upper Battle Creek,BAT267,2011-01-22,0,NA
Upper Battle Creek,BAT267,2011-01-23,0,NA
Upper Battle Creek,BAT267,2011-01-24,0,NA
Upper Battle Creek,BAT268,2011-01-23,17,38
Upper Battle Creek,BAT268,2011-01-24,5,38
Upper Battle Creek,BAT268,2011-01-25,3,38
Upper Battle Creek,BAT268,2011-01-26,0,NA
Upper Battle Creek,BAT268,2011-01-27,0,NA
Upper Battle Creek,BAT269,2011-01-23,26,39
Upper Battle Creek,BAT269,2011-01-24,0,NA
Upper Battle Creek,BAT269,2011-01-25,2,39
Upper Battle Creek,BAT269,2011-01-26,2,39
Upper Battle Creek,BAT269,2011-01-27,0,NA
Upper Battle Creek,BAT270,2011-01-27,35,40
Upper Battle Creek,BAT270,2011-01-28,1,40
Upper Battle Creek,BAT270,2011-01-29,0,NA
Upper Battle Creek,BAT270,2011-01-30,0,NA
Upper Battle Creek,BAT270,2011-01-31,0,NA
Upper Battle Creek,BAT271,2011-01-27,38,37
Upper Battle Creek,BAT271,2011-01-28,1,37
Upper Battle Creek,BAT271,2011-01-29,2,37
Upper Battle Creek,BAT271,2011-01-30,0,NA
Upper Battle Creek,BAT271,2011-01-31,0,NA
Upper Battle Creek,BAT272,2011-01-30,32,37
Upper Battle Creek,BAT272,2011-01-31,0,NA
Upper Battle Creek,BAT272,2011-02-01,2,37
Upper Battle Creek,BAT272,2011-02-02,0,NA
Upper Battle Creek,BAT272,2011-02-03,0,NA
Upper Battle Creek,BAT273,2011-01-30,44,37
Upper Battle Creek,BAT273,2011-01-31,2,37
Upper Battle Creek,BAT273,2011-02-01,2,37
Upper Battle Creek,BAT273,2011-02-02,0,NA
Upper Battle Creek,BAT273,2011-02-03,0,NA
Upper Battle Creek,BAT274,2011-02-03,20,40
Upper Battle Creek,BAT274,2011-02-04,1,40
Upper Battle Creek,BAT274,2011-02-05,1,40
Upper Battle Creek,BAT274,2011-02-06,0,NA
Upper Battle Creek,BAT274,2011-02-07,0,NA
Upper Battle Creek,BAT275,2011-02-03,49,37
Upper Battle Creek,BAT275,2011-02-04,4,37
Upper Battle Creek,BAT275,2011-02-05,2,37
Upper Battle Creek,BAT275,2011-02-06,0,NA
Upper Battle Creek,BAT275,2011-02-07,0,NA
Upper Battle Creek,BAT276,2011-02-06,21,40
Upper Battle Creek,BAT276,2011-02-07,3,40
Upper Battle Creek,BAT276,2011-02-08,2,40
Upper Battle Creek,BAT276,2011-02-09,0,NA
Upper Battle Creek,BAT276,2011-02-10,0,NA
Upper Battle Creek,BAT277,2011-02-06,36,37
Upper Battle Creek,BAT277,2011-02-07,5,37
Upper Battle Creek,BAT277,2011-02-08,2,37
Upper Battle Creek,BAT277,2011-02-09,0,NA
Upper Battle Creek,BAT277,2011-02-10,0,NA
Upper Battle Creek,BAT278,2011-02-20,17,37
Upper Battle Creek,BAT278,2011-02-21,2,37
Upper Battle Creek,BAT278,2011-02-22,1,37
Upper Battle Creek,BAT278,2011-02-23,0,NA
Upper Battle Creek,BAT278,2011-02-24,0,NA
Upper Battle Creek,BAT279,2011-02-20,26,40
Upper Battle Creek,BAT279,2011-02-21,0,NA
Upper Battle Creek,BAT279,2011-02-22,0,NA
Upper Battle Creek,BAT279,2011-02-23,0,NA
Upper Battle Creek,BAT279,2011-02-24,0,NA
Upper Battle Creek,BAT280,2011-02-27,27,37
Upper Battle Creek,BAT280,2011-02-28,0,NA
Upper Battle Creek,BAT280,2011-03-01,0,NA
Upper Battle Creek,BAT280,2011-03-02,0,NA
Upper Battle Creek,BAT280,2011-03-03,0,NA
Upper Battle Creek,BAT281,2011-02-27,43,36
Upper Battle Creek,BAT281,2011-02-28,2,36
Upper Battle Creek,BAT281,2011-03-01,0,NA
Upper Battle Creek,BAT281,2011-03-02,0,NA
Upper Battle Creek,BAT281,2011-03-03,0,NA
Upper Battle Creek,BAT282,2011-03-06,17,42
Upper Battle Creek,BAT282,2011-03-07,0,NA
Upper Battle Creek,BAT282,2011-03-08,0,NA
Upper Battle Creek,BAT282,2011-03-09,0,NA
Upper Battle Creek,BAT282,2011-03-10,0,NA
Upper Battle Creek,BAT283,2011-03-06,34,35
Upper Battle Creek,BAT283,2011-03-07,1,35
Upper Battle Creek,BAT283,2011-03-08,0,NA
Upper Battle Creek,BAT283,2011-03-09,0,NA
Upper Battle Creek,BAT283,2011-03-10,0,NA
Upper Battle Creek,BAT284,2012-01-14,18,36
Upper Battle Creek,BAT284,2012-01-15,3,36
Upper Battle Creek,BAT284,2012-01-16,1,36
Upper Battle Creek,BAT284,2012-01-17,0,NA
Upper Battle Creek,BAT284,2012-01-18,0,NA
Upper Battle Creek,BAT285,2012-01-14,13,35
Upper Battle Creek,BAT285,2012-01-15,1,35
Upper Battle Creek,BAT285,2012-01-16,0,NA
Upper Battle Creek,BAT285,2012-01-17,0,NA
Upper Battle Creek,BAT285,2012-01-18,0,NA
Upper Battle Creek,BAT286,2012-01-14,23,36
Upper Battle Creek,BAT286,2012-01-15,2,36
Upper Battle Creek,BAT286,2012-01-16,0,NA
Upper Battle Creek,BAT286,2012-01-17,0,NA
Upper Battle Creek,BAT286,2012-01-18,0,NA
Upper Battle Creek,BAT287,2012-01-21,22,36
Upper Battle Creek,BAT287,2012-01-22,0,NA
Upper Battle Creek,BAT287,2012-01-23,0,NA
Upper Battle Creek,BAT287,2012-01-24,0,NA
Upper Battle Creek,BAT287,2012-01-25,0,NA
Upper Battle Creek,BAT288,2012-01-21,15,37
Upper Battle Creek,BAT288,2012-01-22,0,NA
Upper Battle Creek,BAT288,2012-01-23,0,NA
Upper Battle Creek,BAT288,2012-01-24,0,NA
Upper Battle Creek,BAT288,2012-01-25,0,NA
Upper Battle Creek,BAT289,2012-01-26,17,36
Upper Battle Creek,BAT289,2012-01-27,0,NA
Upper Battle Creek,BAT289,2012-01-28,0,NA
Upper Battle Creek,BAT289,2012-01-29,0,NA
Upper Battle Creek,BAT289,2012-01-30,0,NA
Upper Battle Creek,BAT290,2012-01-26,17,36
Upper Battle Creek,BAT290,2012-01-27,0,NA
Upper Battle Creek,BAT290,2012-01-28,0,NA
Upper Battle Creek,BAT290,2012-01-29,0,NA
Upper Battle Creek,BAT290,2012-01-30,0,NA
Upper Battle Creek,BAT291,2012-01-26,20,37
Upper Battle Creek,BAT291,2012-01-27,3,37
Upper Battle Creek,BAT291,2012-01-28,0,NA
Upper Battle Creek,BAT291,2012-01-29,0,NA
Upper Battle Creek,BAT291,2012-01-30,0,NA
Upper Battle Creek,BAT292,2012-01-29,23,37
Upper Battle Creek,BAT292,2012-01-30,2,37
Upper Battle Creek,BAT292,2012-01-31,0,NA
Upper Battle Creek,BAT292,2012-02-01,0,NA
Upper Battle Creek,BAT292,2012-02-02,0,NA
Upper Battle Creek,BAT293,2012-01-29,23,37
Upper Battle Creek,BAT293,2012-01-30,2,37
Upper Battle Creek,BAT293,2012-01-31,0,NA
Upper Battle Creek,BAT293,2012-02-01,0,NA
Upper Battle Creek,BAT293,2012-02-02,0,NA
Upper Battle Creek,BAT294,2012-02-02,45,36
Upper Battle Creek,BAT294,2012-02-03,1,36
Upper Battle Creek,BAT294,2012-02-04,0,NA
Upper Battle Creek,BAT294,2012-02-05,0,NA
Upper Battle Creek,BAT294,2012-02-06,0,NA
Upper Battle Creek,BAT295,2012-02-02,50,36
Upper Battle Creek,BAT295,2012-02-03,2,36
Upper Battle Creek,BAT295,2012-02-04,0,NA
Upper Battle Creek,BAT295,2012-02-05,0,NA
Upper Battle Creek,BAT295,2012-02-06,0,NA
Upper Battle Creek,BAT296,2012-02-05,37,36
Upper Battle Creek,BAT296,2012-02-06,0,NA
Upper Battle Creek,BAT296,2012-02-07,0,NA
Upper Battle Creek,BAT296,2012-02-08,0,NA
Upper Battle Creek,BAT296,2012-02-09,0,NA
Upper Battle Creek,BAT297,2012-02-05,37,36
Upper Battle Creek,BAT297,2012-02-06,0,NA
Upper Battle Creek,BAT297,2012-02-07,1,36
Upper Battle Creek,BAT297,2012-02-08,0,NA
Upper Battle Creek,BAT297,2012-02-09,0,NA
Upper Battle Creek,BAT298,2012-02-10,25,37
Upper Battle Creek,BAT298,2012-02-11,1,37
Upper Battle Creek,BAT298,2012-02-12,0,NA
Upper Battle Creek,BAT298,2012-02-13,0,NA
Upper Battle Creek,BAT298,2012-02-14,0,NA
Upper Battle Creek,BAT299,2012-02-10,32,37
Upper Battle Creek,BAT299,2012-02-11,3,37
Upper Battle Creek,BAT299,2012-02-12,0,NA
Upper Battle Creek,BAT299,2012-02-13,2,37
Upper Battle Creek,BAT299,2012-02-14,0,NA
Upper Battle Creek,BAT300,2012-02-16,27,36
Upper Battle Creek,BAT300,2012-02-17,0,NA
Upper Battle Creek,BAT300,2012-02-18,0,NA
Upper Battle Creek,BAT300,2012-02-19,0,NA
Upper Battle Creek,BAT300,2012-02-20,0,NA
Upper Battle Creek,BAT301,2012-02-16,24,36
Upper Battle Creek,BAT301,2012-02-17,5,36
Upper Battle Creek,BAT301,2012-02-18,0,NA
Upper Battle Creek,BAT301,2012-02-19,0,NA
Upper Battle Creek,BAT301,2012-02-20,0,NA
Upper Battle Creek,BAT302,2012-02-23,28,35
Upper Battle Creek,BAT302,2012-02-24,5,35
Upper Battle Creek,BAT302,2012-02-25,1,35
Upper Battle Creek,BAT302,2012-02-26,0,NA
Upper Battle Creek,BAT302,2012-02-27,0,NA
Upper Battle Creek,BAT303,2012-02-23,26,36
Upper Battle Creek,BAT303,2012-02-24,10,36
Upper Battle Creek,BAT303,2012-02-25,4,36
Upper Battle Creek,BAT303,2012-02-26,0,NA
Upper Battle Creek,BAT303,2012-02-27,1,36
Upper Battle Creek,BAT304,2012-03-01,18,36
Upper Battle Creek,BAT304,2012-03-02,3,36
Upper Battle Creek,BAT304,2012-03-03,0,NA
Upper Battle Creek,BAT304,2012-03-04,0,NA
Upper Battle Creek,BAT304,2012-03-05,1,36
Upper Battle Creek,BAT305,2012-03-01,22,36
Upper Battle Creek,BAT305,2012-03-02,2,36
Upper Battle Creek,BAT305,2012-03-03,0,NA
Upper Battle Creek,BAT305,2012-03-04,0,NA
Upper Battle Creek,BAT305,2012-03-05,0,NA
Upper Battle Creek,BAT306,2012-03-08,30,35
Upper Battle Creek,BAT306,2012-03-09,1,35
Upper Battle Creek,BAT306,2012-03-10,0,NA
Upper Battle Creek,BAT306,2012-03-11,1,35
Upper Battle Creek,BAT306,2012-03-12,0,NA
Upper Battle Creek,BAT307,2012-03-08,22,35
Upper Battle Creek,BAT307,2012-03-09,1,35
Upper Battle Creek,BAT307,2012-03-10,0,NA
Upper Battle Creek,BAT307,2012-03-11,0,NA
Upper Battle Creek,BAT307,2012-03-12,0,NA
Upper Battle Creek,BAT308,2012-03-22,13,38
Upper Battle Creek,BAT308,2012-03-23,0,NA
Upper Battle Creek,BAT308,2012-03-24,0,NA
Upper Battle Creek,BAT308,2012-03-25,0,NA
Upper Battle Creek,BAT308,2012-03-26,1,38
Upper Battle Creek,BAT309,2012-03-22,9,40
Upper Battle Creek,BAT309,2012-03-23,0,NA
Upper Battle Creek,BAT309,2012-03-24,0,NA
Upper Battle Creek,BAT309,2012-03-25,0,NA
Upper Battle Creek,BAT309,2012-03-26,0,NA
Upper Battle Creek,BAT310,2013-01-24,17,36
Upper Battle Creek,BAT310,2013-01-25,0,NA
Upper Battle Creek,BAT310,2013-01-26,0,NA
Upper Battle Creek,BAT310,2013-01-27,0,NA
Upper Battle Creek,BAT310,2013-01-28,0,NA
Upper Battle Creek,BAT311,2013-01-24,14,35
Upper Battle Creek,BAT311,2013-01-25,0,NA
Upper Battle Creek,BAT311,2013-01-26,0,NA
Upper Battle Creek,BAT311,2013-01-27,0,NA
Upper Battle Creek,BAT311,2013-01-28,0,NA
Upper Battle Creek,BAT312,2013-01-31,13,36
Upper Battle Creek,BAT312,2013-02-01,0,NA
Upper Battle Creek,BAT312,2013-02-02,0,NA
Upper Battle Creek,BAT312,2013-02-03,0,NA
Upper Battle Creek,BAT312,2013-02-04,0,NA
Upper Battle Creek,BAT313,2013-01-31,16,35
Upper Battle Creek,BAT313,2013-02-01,0,NA
Upper Battle Creek,BAT313,2013-02-02,0,NA
Upper Battle Creek,BAT313,2013-02-03,0,NA
Upper Battle Creek,BAT313,2013-02-04,0,NA
Upper Battle Creek,BAT314,2013-02-07,18,36
Upper Battle Creek,BAT314,2013-02-08,2,36
Upper Battle Creek,BAT314,2013-02-09,0,NA
Upper Battle Creek,BAT314,2013-02-10,0,NA
Upper Battle Creek,BAT314,2013-02-11,0,NA
Upper Battle Creek,BAT315,2013-02-07,8,37
Upper Battle Creek,BAT315,2013-02-08,1,37
Upper Battle Creek,BAT315,2013-02-09,1,37
Upper Battle Creek,BAT315,2013-02-10,0,NA
Upper Battle Creek,BAT315,2013-02-11,0,NA
Upper Battle Creek,BAT316,2013-02-15,8,37
Upper Battle Creek,BAT316,2013-02-16,0,NA
Upper Battle Creek,BAT316,2013-02-17,0,NA
Upper Battle Creek,BAT316,2013-02-18,0,NA
Upper Battle Creek,BAT316,2013-02-19,0,NA
Upper Battle Creek,BAT317,2013-02-15,9,36
Upper Battle Creek,BAT317,2013-02-16,1,36
Upper Battle Creek,BAT317,2013-02-17,0,NA
Upper Battle Creek,BAT317,2013-02-18,0,NA
Upper Battle Creek,BAT317,2013-02-19,0,NA
Upper Battle Creek,BAT318,2013-02-22,11,36
Upper Battle Creek,BAT318,2013-02-23,4,36
Upper Battle Creek,BAT318,2013-02-24,1,36
Upper Battle Creek,BAT318,2013-02-25,0,NA
Upper Battle Creek,BAT318,2013-02-26,0,NA
Upper Battle Creek,BAT319,2013-02-22,17,36
Upper Battle Creek,BAT319,2013-02-23,4,36
Upper Battle Creek,BAT319,2013-02-24,1,36
Upper Battle Creek,BAT319,2013-02-25,0,NA
Upper Battle Creek,BAT319,2013-02-26,0,NA
Upper Battle Creek,BAT320,2013-03-01,8,36
Upper Battle Creek,BAT320,2013-03-02,6,36
Upper Battle Creek,BAT320,2013-03-03,0,NA
Upper Battle Creek,BAT320,2013-03-04,0,NA
Upper Battle Creek,BAT320,2013-03-05,0,NA
Upper Battle Creek,BAT321,2013-03-01,11,37
Upper Battle Creek,BAT321,2013-03-02,0,NA
Upper Battle Creek,BAT321,2013-03-03,0,NA
Upper Battle Creek,BAT321,2013-03-04,0,NA
Upper Battle Creek,BAT321,2013-03-05,0,NA
Upper Battle Creek,BAT322,2014-02-05,52,37
Upper Battle Creek,BAT322,2014-02-06,0,NA
Upper Battle Creek,BAT322,2014-02-07,0,NA
Upper Battle Creek,BAT322,2014-02-08,0,NA
Upper Battle Creek,BAT322,2014-02-09,0,NA
Upper Battle Creek,BAT323,2014-02-05,56,37
Upper Battle Creek,BAT323,2014-02-06,0,NA
Upper Battle Creek,BAT323,2014-02-07,0,NA
Upper Battle Creek,BAT323,2014-02-08,0,NA
Upper Battle Creek,BAT323,2014-02-09,0,NA
Upper Battle Creek,BAT324,2014-02-21,16,36
Upper Battle Creek,BAT324,2014-02-22,0,NA
Upper Battle Creek,BAT324,2014-02-23,0,NA
Upper Battle Creek,BAT324,2014-02-24,0,NA
Upper Battle Creek,BAT324,2014-02-25,0,NA
Upper Battle Creek,BAT325,2014-02-21,24,36
Upper Battle Creek,BAT325,2014-02-22,1,36
Upper Battle Creek,BAT325,2014-02-23,0,NA
Upper Battle Creek,BAT325,2014-02-24,0,NA
Upper Battle Creek,BAT325,2014-02-25,0,NA
Upper Battle Creek,BAT326,2015-12-16,4,33
Upper Battle Creek,BAT326,2015-12-17,0,NA
Upper Battle Creek,BAT326,2015-12-18,0,NA
Upper Battle Creek,BAT326,2015-12-19,0,NA
Upper Battle Creek,BAT326,2015-12-20,0,NA
Upper Battle Creek,BAT327,2016-01-16,6,36
Upper Battle Creek,BAT327,2016-01-17,1,36
Upper Battle Creek,BAT327,2016-01-18,0,NA
Upper Battle Creek,BAT327,2016-01-19,0,NA
Upper Battle Creek,BAT327,2016-01-20,0,NA
Upper Battle Creek,BAT328,2016-03-16,24,45
Upper Battle Creek,BAT328,2016-03-17,0,NA
Upper Battle Creek,BAT328,2016-03-18,0,NA
Upper Battle Creek,BAT328,2016-03-19,0,NA
Upper Battle Creek,BAT328,2016-03-20,0,NA
Upper Battle Creek,BAT329,2016-12-28,14,37
Upper Battle Creek,BAT329,2016-12-29,0,NA
Upper Battle Creek,BAT329,2016-12-30,0,NA
Upper Battle Creek,BAT329,2016-12-31,0,NA
Upper Battle Creek,BAT329,2017-01-01,0,NA
Upper Battle Creek,BAT330,2017-01-01,17,37
Upper Battle Creek,BAT330,2017-01-02,0,NA
Upper Battle Creek,BAT330,2017-01-03,0,NA
Upper Battle Creek,BAT330,2017-01-04,0,NA
Upper Battle Creek,BAT330,2017-01-05,0,NA
Upper Battle Creek,BAT331,2017-01-28,32,39
Upper Battle Creek,BAT331,2017-01-29,1,39
Upper Battle Creek,BAT331,2017-01-30,0,NA
Upper Battle Creek,BAT331,2017-01-31,0,NA
Upper Battle Creek,BAT331,2017-02-01,0,NA
Upper Battle Creek,BAT332,2017-02-01,17,40
Upper Battle Creek,BAT332,2017-02-02,4,40
Upper Battle Creek,BAT332,2017-02-03,0,NA
Upper Battle Creek,BAT332,2017-02-04,0,NA
Upper Battle Creek,BAT332,2017-02-05,0,NA
Upper Battle Creek,BAT333,2018-01-17,11,37
Upper Battle Creek,BAT333,2018-01-18,0,NA
Upper Battle Creek,BAT333,2018-01-19,0,NA
Upper Battle Creek,BAT333,2018-01-20,0,NA
Upper Battle Creek,BAT333,2018-01-21,0,NA
Upper Battle Creek,BAT334,2018-02-02,23,37
Upper Battle Creek,BAT334,2018-02-03,2,37
Upper Battle Creek,BAT334,2018-02-04,0,NA
Upper Battle Creek,BAT334,2018-02-05,0,NA
Upper Battle Creek,BAT334,2018-02-06,0,NA
Upper Battle Creek,BAT335,2018-02-15,1180,33
Upper Battle Creek,BAT335,2018-02-16,0,NA
Upper Battle Creek,BAT335,2018-02-17,0,NA
Upper Battle Creek,BAT335,2018-02-18,0,NA
Upper Battle Creek,BAT335,2018-02-19,0,NA
Upper Battle Creek,BAT336,2018-03-15,15,78
Upper Battle Creek,BAT336,2018-03-16,3,78
Upper Battle Creek,BAT336,2018-03-17,0,NA
Upper Battle Creek,BAT336,2018-03-18,0,NA
Upper Battle Creek,BAT336,2018-03-19,0,NA
Upper Battle Creek,BAT337,2018-04-06,17,79
Upper Battle Creek,BAT337,2018-04-07,4,79
Upper Battle Creek,BAT337,2018-04-08,0,NA
Upper Battle Creek,BAT337,2018-04-09,0,NA
Upper Battle Creek,BAT337,2018-04-10,0,NA
Upper Battle Creek,BAT338,2019-01-03,25,35
Upper Battle Creek,BAT338,2019-01-04,0,NA
Upper Battle Creek,BAT338,2019-01-05,0,NA
Upper Battle Creek,BAT338,2019-01-06,0,NA
Upper Battle Creek,BAT338,2019-01-07,0,NA
Upper Battle Creek,BAT339,2019-02-06,20,41
Upper Battle Creek,BAT339,2019-02-07,2,41
Upper Battle Creek,BAT339,2019-02-08,0,NA
Upper Battle Creek,BAT339,2019-02-09,0,NA
Upper Battle Creek,BAT339,2019-02-10,0,NA
Upper Battle Creek,BAT340,2019-03-27,1,NA
Upper Battle Creek,BAT340,2019-03-28,0,NA
Upper Battle Creek,BAT340,2019-03-29,0,NA
Upper Battle Creek,BAT340,2019-03-30,0,NA
Upper Battle Creek,BAT340,2019-03-31,0,NA
Upper Battle Creek,BAT341,2020-01-29,1,38
Upper Battle Creek,BAT341,2020-01-30,0,NA
Upper Battle Creek,BAT341,2020-01-31,0,NA
Upper Battle Creek,BAT341,2020-02-01,0,NA
Upper Battle Creek,BAT341,2020-02-02,0,NA
Upper Battle Creek,BAT342,2020-02-08,41,36
Upper Battle Creek,BAT342,2020-02-09,0,NA
Upper Battle Creek,BAT342,2020-02-10,1,36
Upper Battle Creek,BAT342,2020-02-11,1,36
Upper Battle Creek,BAT342,2020-02-12,0,NA
Upper Battle Creek,BAT343,2020-02-20,15,40
Upper Battle Creek,BAT343,2020-02-21,1,40
Upper Battle Creek,BAT343,2020-02-22,0,NA
Upper Battle Creek,BAT343,2020-02-23,0,NA
Upper Battle Creek,BAT343,2020-02-24,0,NA
Upper Battle Creek,BAT344,2020-11-07,41,41
Upper Battle Creek,BAT344,2020-11-08,6,41
Upper Battle Creek,BAT344,2020-11-09,0,NA
Upper Battle Creek,BAT344,2020-11-10,0,NA
Upper Battle Creek,BAT344,2020-11-11,0,NA
Upper Battle Creek,BAT345,2020-11-14,41,42
Upper Battle Creek,BAT345,2020-11-15,1,42
Upper Battle Creek,BAT345,2020-11-16,0,NA
Upper Battle Creek,BAT345,2020-11-17,0,NA
Upper Battle Creek,BAT345,2020-11-18,0,NA
Upper Battle Creek,BAT346,2020-12-20,10,49
Upper Battle Creek,BAT346,2020-12-21,0,NA
Upper Battle Creek,BAT346,2020-12-22,0,NA
Upper Battle Creek,BAT346,2020-12-23,0,NA
Upper Battle Creek,BAT346,2020-12-24,0,NA
Upper Battle Creek,BAT347,2021-02-03,3,39
Upper Battle Creek,BAT347,2021-02-04,0,NA
Upper Battle Creek,BAT347,2021-02-05,0,NA
Upper Battle Creek,BAT347,2021-02-06,0,NA
Upper Battle Creek,BAT347,2021-02-07,0,NA
Upper Battle Creek,BAT348,2021-02-10,10,41
Upper Battle Creek,BAT348,2021-02-11,1,41
Upper Battle Creek,BAT348,2021-02-12,0,NA
Upper Battle Creek,BAT348,2021-02-13,0,NA
Upper Battle Creek,BAT348,2021-02-14,0,NA
Upper Battle Creek,BAT349,2021-03-03,11,55
Upper Battle Creek,BAT349,2021-03-04,0,NA
Upper Battle Creek,BAT349,2021-03-05,3,55
Upper Battle Creek,BAT349,2021-03-06,0,NA
Upper Battle Creek,BAT349,2021-03-07,0,NA
Upper Battle Creek,BAT350,2021-03-09,0,NA
Upper Battle Creek,BAT350,2021-03-10,0,NA
Upper Battle Creek,BAT350,2021-03-11,0,NA
Upper Battle Creek,BAT350,2021-03-12,0,NA
Upper Battle Creek,BAT350,2021-03-13,0,NA
Upper Battle Creek,BAT351,2021-04-13,11,55
Upper Battle Creek,BAT351,2021-04-14,2,55
Upper Battle Creek,BAT351,2021-04-15,0,NA
Upper Battle Creek,BAT351,2021-04-16,0,NA
Upper Battle Creek,BAT351,2021-04-17,0,NA
Upper Battle Creek,BAT352,2021-12-29,7,37
Upper Battle Creek,BAT352,2021-12-30,2,37
Upper Battle Creek,BAT352,2021-12-31,1,37
Upper Battle Creek,BAT352,2022-01-01,2,37
Upper Battle Creek,BAT352,2022-01-02,0,NA
Upper Battle Creek,BAT353,2022-01-16,11,40
Upper Battle Creek,BAT353,2022-01-17,4,40
Upper Battle Creek,BAT353,2022-01-18,0,NA
Upper Battle Creek,BAT353,2022-01-19,0,NA
Upper Battle Creek,BAT353,2022-01-20,1,40
Upper Battle Creek,BAT354,2022-01-24,8,42
Upper Battle Creek,BAT354,2022-01-25,0,NA
Upper Battle Creek,BAT354,2022-01-26,0,NA
Upper Battle Creek,BAT354,2022-01-27,2,42
Upper Battle Creek,BAT354,2022-01-28,0,NA
Upper Battle Creek,BAT355,2022-02-05,4,44
Upper Battle Creek,BAT355,2022-02-06,5,44
Upper Battle Creek,BAT355,2022-02-07,1,44
Upper Battle Creek,BAT355,2022-02-08,1,44
Upper Battle Creek,BAT355,2022-02-09,0,NA
Upper Battle Creek,BAT356,2022-02-11,8,40
Upper Battle Creek,BAT356,2022-02-12,2,40
Upper Battle Creek,BAT356,2022-02-13,3,40
Upper Battle Creek,BAT356,2022-02-14,1,40
Upper Battle Creek,BAT356,2022-02-15,0,NA
Upper Battle Creek,BAT357,2022-04-12,35,65
Upper Battle Creek,BAT357,2022-04-13,10,65
Upper Battle Creek,BAT357,2022-04-14,0,NA
Upper Battle Creek,BAT357,2022-04-15,0,NA
Upper Battle Creek,BAT357,2022-04-16,0,NA
Upper Battle Creek,BAT358,2022-04-24,26,77
Upper Battle Creek,BAT358,2022-04-25,10,77
Upper Battle Creek,BAT358,2022-04-26,0,NA
Upper Battle Creek,BAT358,2022-04-27,0,NA
Upper Battle Creek,BAT358,2022-04-28,0,NA
Upper Battle Creek,BAT359,2022-10-25,4,32
Upper Battle Creek,BAT359,2022-10-26,1,32
Upper Battle Creek,BAT359,2022-10-27,0,NA
Upper Battle Creek,BAT359,2022-10-28,0,NA
Upper Battle Creek,BAT359,2022-10-29,0,NA
Upper Battle Creek,BAT360,2022-11-09,7,31
Upper Battle Creek,BAT360,2022-11-10,0,NA
Upper Battle Creek,BAT360,2022-11-11,0,NA
Upper Battle Creek,BAT360,2022-11-12,0,NA
Upper Battle Creek,BAT360,2022-11-13,0,NA
Upper Battle Creek,BAT361,2022-11-16,13,35
Upper Battle Creek,BAT361,2022-11-17,0,NA
Upper Battle Creek,BAT361,2022-11-18,0,NA
Upper Battle Creek,BAT361,2022-11-19,0,NA
Upper Battle Creek,BAT361,2022-11-20,0,NA
Upper Battle Creek,BAT362,2023-02-08,38,43
Upper Battle Creek,BAT362,2023-02-09,2,43
Upper Battle Creek,BAT362,2023-02-10,0,NA
Upper Battle Creek,BAT362,2023-02-11,0,NA
Upper Battle Creek,BAT362,2023-02-12,0,NA
Upper Battle Creek,BAT363,2023-03-03,18,43
Upper Battle Creek,BAT363,2023-03-04,0,NA
Upper Battle Creek,BAT363,2023-03-05,0,NA
Upper Battle Creek,BAT363,2023-03-06,0,NA
Upper Battle Creek,BAT363,2023-03-07,0,NA
Upper Battle Creek,BAT364,2023-03-07,10,58
Upper Battle Creek,BAT364,2023-03-08,6,58
Upper Battle Creek,BAT364,2023-03-09,2,58
Upper Battle Creek,BAT364,2023-03-10,0,NA
Upper Battle Creek,BAT364,2023-03-11,0,NA
Upper Battle Creek,BAT365,2023-04-15,28,64
Upper Battle Creek,BAT365,2023-04-16,2,64
Upper Battle Creek,BAT365,2023-04-17,0,NA
Upper Battle Creek,BAT365,2023-04-18,0,NA
Upper Battle Creek,BAT365,2023-04-19,0,NA
Upper Battle Creek,BAT366,2023-10-05,8,35
Upper Battle Creek,BAT366,2023-10-06,1,35
Upper Battle Creek,BAT366,2023-10-07,0,NA
Upper Battle Creek,BAT366,2023-10-08,0,NA
Upper Battle Creek,BAT366,2023-10-09,0,NA
Upper Battle Creek,BAT367,2023-10-14,26,41
Upper Battle Creek,BAT367,2023-10-15,0,NA
Upper Battle Creek,BAT367,2023-10-16,0,NA
Upper Battle Creek,BAT367,2023-10-17,0,NA
Upper Battle Creek,BAT367,2023-10-18,0,NA
Upper Battle Creek,BAT368,2023-10-27,7,50
Upper Battle Creek,BAT368,2023-10-28,1,50
Upper Battle Creek,BAT368,2023-10-29,0,NA
Upper Battle Creek,BAT368,2023-10-30,0,NA
Upper Battle Creek,BAT368,2023-10-31,0,NA
Upper Battle Creek,BAT369,2024-03-16,20,53
Upper Battle Creek,BAT369,2024-03-17,3,53
Upper Battle Creek,BAT369,2024-03-18,0,NA
Upper Battle Creek,BAT369,2024-03-19,0,NA
Upper Battle Creek,BAT369,2024-03-20,0,NA
Upper Battle Creek,BAT370,2024-03-27,14,55
Upper Battle Creek,BAT370,2024-03-28,2,55
Upper Battle Creek,BAT370,2024-03-29,1,55
Upper Battle Creek,BAT370,2024-03-30,0,NA
Upper Battle Creek,BAT370,2024-03-31,0,NA
Upper Battle Creek,BAT371,2024-04-03,13,65
Upper Battle Creek,BAT371,2024-04-04,0,NA
Upper Battle Creek,BAT371,2024-04-05,0,NA
Upper Battle Creek,BAT371,2024-04-06,0,NA
Upper Battle Creek,BAT371,2024-04-07,1,65
