"site","release_site","date_released","time_released","number_released","median_fork_length_released","release_id","days_held_post_mark","day_or_night_release","release_temp","release_flow","release_turbidity","origin_released","subsite","run"
"Clear Creek","VB",2003-12-03,"16:12:00",14,35,"CLR171",0,"night",51.31,227,NA,NA,NA,NA
"Clear Creek","CCRB",2003-12-03,"16:12:00",20,35,"CLR172",0,"night",49.6,227,NA,NA,NA,NA
"Clear Creek","VB",2003-12-13,"15:13:00",259,NA,"CLR173",0,"night",49.07,333,NA,NA,NA,NA
"Clear Creek","CCRB",2003-12-13,"15:13:00",259,NA,"CLR174",0,"day",48.77,333,NA,NA,NA,NA
"Clear Creek","VB",2003-12-17,"15:46:00",105,35,"CLR175",0,"night",48.24,252,NA,NA,NA,NA
"Clear Creek","CCRB",2003-12-17,"15:46:00",60,34,"CLR176",0,"night",47.38,252,NA,NA,NA,NA
"Clear Creek","VB",2003-12-19,"14:38:00",241,35,"CLR177",0,"day",47.13,238,NA,NA,NA,NA
"Clear Creek","CCRB",2003-12-19,"14:56:00",409,34,"CLR178",0,"day",46.55,241,NA,NA,NA,NA
"Clear Creek","CCRB",2004-01-13,"10:04:00",248,36.5,"CLR179",1,"day",44.34,323,NA,NA,NA,NA
"Clear Creek","VB",2004-01-13,"12:37:00",247,37,"CLR180",1,"night",46.02,323,NA,NA,NA,NA
"Clear Creek","VB",2004-01-30,"18:41:00",398,36,"CLR181",1,NA,46.3,267,NA,NA,NA,NA
"Clear Creek","CCRB",2004-01-30,"19:03:00",400,36,"CLR182",1,"night",46,267,NA,NA,NA,NA
"Clear Creek","VB",2004-02-06,"18:33:00",395,37,"CLR183",1,"night",45.74,323,NA,NA,NA,NA
"Clear Creek","CCRB",2004-02-06,"18:53:00",400,38,"CLR184",1,"night",46,323,NA,NA,NA,NA
"Clear Creek","CCRB",2004-02-10,"17:20:00",397,37,"CLR185",1,"night",46,270,NA,NA,NA,NA
"Clear Creek","VB",2004-02-10,"17:46:00",398,37,"CLR186",1,"night",46.85,270,NA,NA,NA,NA
"Clear Creek","VB",2004-02-13,"15:13:00",447,38,"CLR187",1,"night",45.46,258,NA,NA,NA,NA
"Clear Creek","CCRB",2004-02-13,"19:20:00",367,38,"CLR188",1,"night",45.45,264,NA,NA,NA,NA
"Clear Creek","VB",2004-02-24,"14:03:00",398,38,"CLR189",1,"day",50.75,401,NA,NA,NA,NA
"Clear Creek","CCRB",2004-02-24,"14:27:00",406,38,"CLR190",1,"day",48.77,401,NA,NA,NA,NA
"Clear Creek","VB",2004-03-02,"17:30:00",402,38,"CLR191",1,"night",50.75,614,NA,NA,NA,NA
"Clear Creek","CCRB",2004-03-02,"17:46:00",405,38,"CLR192",1,"night",49.89,614,NA,NA,NA,NA
"Clear Creek","VB",2004-03-05,"17:32:00",397,37.5,"CLR193",1,"night",49.63,397,NA,NA,NA,NA
"Clear Creek","CCRB",2004-03-05,"17:48:00",389,43,"CLR194",1,"night",49.6,397,NA,NA,NA,NA
"Clear Creek","CCRB",2004-03-05,"17:48:00",54,45,"CLR195",1,"night",49.6,397,NA,NA,NA,NA
"Clear Creek","VB",2004-03-09,"13:35:00",296,37,"CLR196",1,"day",53.82,323,NA,NA,NA,NA
"Clear Creek","CCRB",2004-03-09,"13:55:00",298,38,"CLR197",1,"day",51.01,304,NA,NA,NA,NA
"Clear Creek","VB",2004-03-12,"15:09:00",397,37,"CLR198",1,"day",54.65,290,NA,NA,NA,NA
"Clear Creek","CCRB",2004-03-12,"15:23:00",368,36,"CLR199",1,"day",51.29,290,NA,NA,NA,NA
"Clear Creek","CCRB",2004-03-12,"15:23:00",24,47,"CLR200",1,"day",51.29,290,NA,NA,NA,NA
"Clear Creek","VB",2004-03-16,"14:45:00",385,38,"CLR201",1,"day",55.49,270,NA,NA,NA,NA
"Clear Creek","CCRB",2004-03-16,"15:10:00",384,38,"CLR202",1,"day",51.57,270,NA,NA,NA,NA
"Clear Creek","CCRB",2004-03-16,"15:10:00",8,45.5,"CLR203",1,"day",51.57,270,NA,NA,NA,NA
"Clear Creek","VB",2004-03-26,"14:20:00",368,38,"CLR204",1,"day",54.65,267,NA,NA,NA,NA
"Clear Creek","CCRB",2004-03-26,"14:35:00",358,NA,"CLR205",1,"day",48.49,267,NA,NA,NA,NA
"Clear Creek","CCRB",2004-03-26,"14:35:00",30,NA,"CLR206",1,"day",48.49,267,NA,NA,NA,NA
"Clear Creek","CCRB",2004-04-02,"11:55:00",402,38,"CLR207",1,"day",49.6,250,NA,NA,NA,NA
"Clear Creek","CCRB",2004-04-02,"11:55:00",27,56,"CLR208",1,"day",49.6,253,NA,NA,NA,NA
"Clear Creek","CCRB",2004-04-09,"14:00:00",153,37,"CLR209",1,"day",53.5,241,NA,NA,NA,NA
"Clear Creek","CCRB",2004-04-09,"14:00:00",33,54,"CLR210",1,"day",53.5,241,NA,NA,NA,NA
"Clear Creek","CCRB",2004-04-16,"11:10:00",272,37,"CLR211",1,"day",49.6,239,NA,NA,NA,NA
"Clear Creek","CCRB",2004-04-16,"11:10:00",81,62,"CLR212",1,"day",49.6,239,NA,NA,NA,NA
"Clear Creek","VB",2005-01-04,"19:30:00",422,36,"CLR213",1,"night",45.19,284,NA,NA,NA,NA
"Clear Creek","CCRB",2005-01-04,"19:50:00",437,36,"CLR214",1,"night",46.57,284,NA,NA,NA,NA
"Clear Creek","VB",2005-01-07,"22:45:00",240,37,"CLR215",1,"night",44.91,319,NA,NA,NA,NA
"Clear Creek","CCRB",2005-01-07,"23:24:00",240,36,"CLR216",1,"night",45.17,319,NA,NA,NA,NA
"Clear Creek","VB",2005-01-11,"23:22:00",409,36,"CLR217",1,"night",44.35,344,NA,NA,NA,NA
"Clear Creek","CCRB",2005-01-11,"23:46:00",414,36,"CLR218",1,"night",45.73,344,NA,NA,NA,NA
"Clear Creek","VB",2005-01-13,"23:47:00",281,36,"CLR219",1,"night",46.02,273,NA,NA,NA,NA
"Clear Creek","CCRB",2005-01-14,"00:12:00",400,36,"CLR220",1,"night",45.45,287,NA,NA,NA,NA
"Clear Creek","VB",2005-01-17,"18:35:00",52,37,"CLR221",1,"night",47.41,258,NA,NA,NA,NA
"Clear Creek","CCRB",2005-01-17,"18:58:00",53,37,"CLR222",1,"night",47.68,258,NA,NA,NA,NA
"Clear Creek","VB",2005-01-21,"18:19:00",400,35,"CLR223",1,"night",46.58,247,NA,NA,NA,NA
"Clear Creek","CCRB",2005-01-21,"18:35:00",400,36,"CLR224",1,"night",47.12,247,NA,NA,NA,NA
"Clear Creek","VB",2005-01-25,"17:43:00",431,36,"CLR225",1,"night",47.41,241,NA,NA,NA,NA
"Clear Creek","CCRB",2005-01-25,"18:05:00",401,38,"CLR226",1,"night",47.4,241,NA,NA,NA,NA
"Clear Creek","VB",2005-01-28,"16:52:00",424,35.5,"CLR227",1,"night",48.52,458,NA,NA,NA,NA
"Clear Creek","CCRB",2005-01-28,"17:09:00",398,36,"CLR228",1,"night",48.51,454,NA,NA,NA,NA
"Clear Creek","VB",2005-02-01,"17:30:00",411,37,"CLR229",1,"night",47.96,278,NA,NA,NA,NA
"Clear Creek","CCRB",2005-02-01,"17:49:00",411,36,"CLR230",1,"night",47.95,278,NA,NA,NA,NA
"Clear Creek","VB",2005-02-04,"17:53:00",424,36,"CLR231",1,"night",47.69,261,NA,NA,NA,NA
"Clear Creek","CCRB",2005-02-04,"18:11:00",459,36,"CLR232",1,"night",47.95,261,NA,NA,NA,NA
"Clear Creek","VB",2005-02-08,"18:48:00",418,37.5,"CLR233",1,"night",47.41,247,NA,NA,NA,NA
"Clear Creek","CCRB",2005-02-08,"19:12:00",464,37,"CLR234",1,"night",47.95,247,NA,NA,NA,NA
"Clear Creek","VB",2005-02-11,"18:29:00",402,36,"CLR235",1,"night",47.69,241,NA,NA,NA,NA
"Clear Creek","CCRB",2005-02-11,"18:47:00",399,35,"CLR236",1,"night",47.95,241,NA,NA,NA,NA
"Clear Creek","VB",2005-02-15,"18:02:00",380,36,"CLR237",1,"night",47.41,225,NA,NA,NA,NA
"Clear Creek","CCRB",2005-02-15,"18:19:00",412,36,"CLR238",1,"night",47.68,225,NA,NA,NA,NA
"Clear Creek","VB",2005-02-18,"17:51:00",379,37,"CLR239",1,"night",47.96,223,NA,NA,NA,NA
"Clear Creek","CCRB",2005-02-18,"18:10:00",348,38,"CLR240",1,"night",47.95,223,NA,NA,NA,NA
"Clear Creek","VB",2005-02-22,"17:32:00",411,37,"CLR241",1,"night",50.76,308,NA,NA,NA,NA
"Clear Creek","CCRB",2005-02-22,"17:57:00",405,37.5,"CLR242",1,"night",50.19,308,NA,NA,NA,NA
"Clear Creek","VB",2005-02-25,"18:05:00",398,37,"CLR243",1,"night",50.48,270,NA,NA,NA,NA
"Clear Creek","CCRB",2005-02-25,"18:20:00",400,38,"CLR244",1,"night",49.63,270,NA,NA,NA,NA
"Clear Creek","VB",2005-03-01,"14:01:00",418,37,"CLR245",1,"day",49.92,359,NA,NA,NA,NA
"Clear Creek","CCRB",2005-03-01,"14:33:00",422,37,"CLR246",1,"day",49.35,355,NA,NA,NA,NA
"Clear Creek","VB",2005-03-04,"17:43:00",306,36,"CLR247",1,"night",52.15,319,NA,NA,NA,NA
"Clear Creek","CCRB",2005-03-04,"18:02:00",384,37,"CLR248",1,"night",51.31,319,NA,NA,NA,NA
"Clear Creek","VB",2005-03-08,"18:28:00",214,36.5,"CLR249",1,"night",52.98,270,NA,NA,NA,NA
"Clear Creek","CCRB",2005-03-08,"18:47:00",212,36,"CLR250",1,"night",52.42,270,NA,NA,NA,NA
"Clear Creek","VB",2005-03-11,"18:20:00",261,36,"CLR251",1,"night",53.82,258,NA,NA,NA,NA
"Clear Creek","CCRB",2005-03-11,"18:45:00",229,36,"CLR252",1,"night",52.7,258,NA,NA,NA,NA
"Clear Creek","VB",2005-03-15,"17:27:00",92,36,"CLR253",1,"night",52.15,247,NA,NA,NA,NA
"Clear Creek","CCRB",2005-03-15,"17:43:00",97,36,"CLR254",1,"night",51.03,247,NA,NA,NA,NA
"Clear Creek","VB",2005-03-25,"17:11:00",319,35.5,"CLR255",1,"night",52.15,421,NA,NA,NA,NA
"Clear Creek","CCRB",2005-03-25,"17:27:00",398,35,"CLR256",1,"night",51.87,421,NA,NA,NA,NA
"Clear Creek","VB",2005-03-29,"16:13:00",388,38.5,"CLR257",1,"day",54.1,386,NA,NA,NA,NA
"Clear Creek","CCRB",2005-03-29,"16:32:00",401,40,"CLR258",1,"day",52.15,386,NA,NA,NA,NA
"Clear Creek","CCRB",2005-04-01,"15:37:00",212,35,"CLR259",1,"day",51.87,319,NA,NA,NA,NA
"Clear Creek","VB",2005-04-01,"15:37:00",253,36,"CLR260",1,"day",52.7,319,NA,NA,NA,NA
"Clear Creek","VB",2005-04-05,"15:04:00",398,37,"CLR261",1,"day",55.5,308,NA,NA,NA,NA
"Clear Creek","CCRB",2005-04-05,"15:21:00",396,38,"CLR262",1,"day",53.54,308,NA,NA,NA,NA
"Clear Creek","VB",2005-04-08,"18:45:00",202,40.5,"CLR263",1,"night",50.2,421,NA,NA,NA,NA
"Clear Creek","CCRB",2005-04-08,"19:15:00",202,42.5,"CLR264",1,"night",50.47,417,NA,NA,NA,NA
"Clear Creek","CCRB",2005-04-12,"18:18:00",363,38,"CLR265",1,"night",52.15,312,NA,NA,NA,NA
"Clear Creek","VB",2005-04-12,"18:46:00",364,39,"CLR266",1,"night",52.15,312,NA,NA,NA,NA
"Clear Creek","VB",2005-04-15,"17:40:00",218,36,"CLR267",1,"night",56.61,284,NA,NA,NA,NA
"Clear Creek","CCRB",2005-04-15,"18:02:00",106,38,"CLR268",1,"night",54.94,284,NA,NA,NA,NA
"Clear Creek","VB",2005-04-19,"18:42:00",273,47,"CLR269",1,"night",56.06,267,NA,NA,NA,NA
"Clear Creek","CCRB",2005-04-19,"18:54:00",242,35,"CLR270",1,"night",54.94,267,NA,NA,NA,NA
"Clear Creek","CCRB",2005-04-22,"18:24:00",131,58,"CLR271",1,"night",56.34,261,NA,NA,NA,NA
"Clear Creek","VB",2005-04-26,"17:32:00",120,57.5,"CLR272",1,"night",58.85,261,NA,NA,NA,NA
"Clear Creek","CCRB",2005-04-29,"16:35:00",62,63.5,"CLR273",1,"day",54.94,255,NA,NA,NA,NA
"Clear Creek","VB",2005-05-03,"15:03:00",81,58,"CLR274",1,"day",59.42,250,NA,NA,NA,NA
"Clear Creek","CCRB",2005-05-06,"16:44:00",116,60,"CLR275",1,"day",53.82,281,NA,NA,NA,NA
"Clear Creek","VB",2005-05-06,"17:01:00",110,60,"CLR276",1,"day",56.33,281,NA,NA,NA,NA
"Clear Creek","VB",2005-05-13,"15:32:00",96,56.5,"CLR277",1,"day",60.56,319,NA,NA,NA,NA
"Clear Creek","CCRB",2005-05-13,"16:00:00",107,58,"CLR278",1,"day",58.58,319,NA,NA,NA,NA
"Clear Creek","VB",2005-12-23,"17:25:00",186,35,"CLR279",0,"night",52.34,359,NA,NA,NA,NA
"Clear Creek","CCRB",2005-12-23,"18:01:00",173,36,"CLR280",0,"night",52.15,355,NA,NA,NA,NA
"Clear Creek","CCRB",2006-01-06,"21:20:00",392,36,"CLR281",0,"night",50.75,417,NA,NA,NA,NA
"Clear Creek","CCRB",2006-01-11,"17:00:00",177,37,"CLR282",1,"night",50.47,337,NA,NA,NA,NA
"Clear Creek","CCRB",2006-01-14,"18:28:00",198,36,"CLR283",1,"night",49.63,378,NA,NA,NA,NA
"Clear Creek","VB",2006-01-20,"17:40:00",392,37,"CLR284",1,"night",46.77,378,NA,NA,NA,NA
"Clear Creek","CCRB",2006-01-20,"18:00:00",390,37,"CLR285",1,"night",47.68,382,NA,NA,NA,NA
"Clear Creek","VB",2006-01-24,"00:07:00",395,37,"CLR286",1,"night",47.61,299,NA,NA,NA,NA
"Clear Creek","CCRB",2006-01-24,"00:30:00",399,37,"CLR287",1,"night",47.95,299,NA,NA,NA,NA
"Clear Creek","VB",2006-01-27,"16:50:00",408,37,"CLR288",1,"night",47.61,281,NA,NA,NA,NA
"Clear Creek","CCRB",2006-01-27,"17:00:00",410,37,"CLR289",1,"night",47.4,287,NA,NA,NA,NA
"Clear Creek","VB",2006-01-31,"13:45:00",406,37,"CLR290",1,"day",47.05,437,NA,NA,NA,NA
"Clear Creek","CCRB",2006-01-31,"14:04:00",401,37,"CLR291",1,"day",47.95,433,NA,NA,NA,NA
"Clear Creek","CCRB",2006-02-03,"17:45:00",354,37,"CLR292",1,"night",51.31,425,NA,NA,NA,NA
"Clear Creek","VB",2006-02-03,"18:00:00",359,37,"CLR293",1,"night",50.96,425,NA,NA,NA,NA
"Clear Creek","VB",2006-02-07,"16:10:00",315,36,"CLR294",1,"night",50.12,326,NA,NA,NA,NA
"Clear Creek","CCRB",2006-02-07,"16:30:00",315,36,"CLR295",1,"night",49.35,326,NA,NA,NA,NA
"Clear Creek","VB",2006-02-10,"19:02:00",372,36,"CLR296",1,"night",49,293,NA,NA,NA,NA
"Clear Creek","CCRB",2006-02-10,"19:24:00",412,36.5,"CLR297",1,"night",49.63,293,NA,NA,NA,NA
"Clear Creek","VB",2006-02-17,"16:48:00",393,36,"CLR298",1,"night",47.33,267,NA,NA,NA,NA
"Clear Creek","CCRB",2006-02-17,"17:06:00",399,37,"CLR299",1,"night",47.12,267,NA,NA,NA,NA
"Clear Creek","VB",2006-02-24,"19:26:00",407,37,"CLR300",1,"night",47.88,253,NA,NA,NA,NA
"Clear Creek","CCRB",2006-02-24,"19:45:00",417,37,"CLR301",1,"night",48.51,253,NA,NA,NA,NA
"Clear Creek","VB",2006-03-03,"18:15:00",396,37,"CLR302",1,"night",47.05,405,NA,NA,NA,NA
"Clear Creek","CCRB",2006-03-03,"18:33:00",401,37,"CLR303",1,"night",47.12,405,NA,NA,NA,NA
"Clear Creek","VB",2006-03-10,"18:18:00",415,36,"CLR304",1,"night",45.66,409,NA,NA,NA,NA
"Clear Creek","CCRB",2006-03-10,"18:34:00",425,36,"CLR305",1,"night",46.01,405,NA,NA,NA,NA
"Clear Creek","VB",2006-03-17,"18:14:00",412,37,"CLR306",1,"night",50.4,521,NA,NA,NA,NA
"Clear Creek","CCRB",2006-03-17,"18:27:00",408,37,"CLR307",1,"night",50.47,516,NA,NA,NA,NA
"Clear Creek","VB",2006-03-21,"16:30:00",299,37,"CLR308",1,"day",47.88,441,NA,NA,NA,NA
"Clear Creek","CCRB",2006-03-21,"16:45:00",297,37,"CLR309",1,"day",48.23,441,NA,NA,NA,NA
"Clear Creek","VB",2006-03-29,"18:40:00",140,37,"CLR310",1,"night",49,409,NA,NA,NA,NA
"Clear Creek","CCRB",2006-03-29,"18:55:00",135,37,"CLR311",1,"night",49.07,409,NA,NA,NA,NA
"Clear Creek","VB",2006-04-04,"20:00:00",177,37,"CLR312",1,"night",50.12,547,NA,NA,NA,NA
"Clear Creek","CCRB",2006-04-04,"20:16:00",177,36,"CLR313",1,"night",50.19,547,NA,NA,NA,NA
"Clear Creek","VB",2006-04-18,"18:12:00",135,37,"CLR314",1,"night",54.3,450,NA,NA,NA,NA
"Clear Creek","CCRB",2006-12-13,"16:33:00",485,35,"CLR315",0,"night",49.688,278,NA,NA,NA,NA
"Clear Creek","CCRB",2006-12-19,"16:30:00",361,34,"CLR316",1,"night",46.2,231,NA,NA,NA,NA
"Clear Creek","CCRB",2006-12-28,"16:10:00",401,35,"CLR317",1,"night",43.13,275,NA,NA,NA,NA
"Clear Creek","CCRB",2007-01-08,"17:13:00",353,37,"CLR318",1,"night",48.72,220,NA,NA,NA,NA
"Clear Creek","VB",2007-01-08,"17:55:00",340,36,"CLR319",1,"night",47.28,220,NA,NA,NA,NA
"Clear Creek","CCRB",2007-01-18,"16:50:00",401,38,"CLR320",1,"night",44.04,215,NA,NA,NA,NA
"Clear Creek","CCRB",2007-01-25,"17:00:00",398,38,"CLR321",1,"night",43.26,217,NA,NA,NA,NA
"Clear Creek","VB",2007-01-25,"17:30:00",401,38,"CLR322",1,"night",44.31,217,NA,NA,NA,NA
"Clear Creek","VB",2007-01-31,"16:30:00",399,38,"CLR323",1,"night",44.72,215,NA,NA,NA,NA
"Clear Creek","CCRB",2007-01-31,"17:30:00",408,38,"CLR324",1,"night",43.35,215,NA,NA,NA,NA
"Clear Creek","VB",2007-02-06,"17:54:00",378,37,"CLR325",1,"night",44.63,215,NA,NA,NA,NA
"Clear Creek","CCRB",2007-02-09,"18:20:00",409,38,"CLR326",1,"night",44.95,267,NA,NA,NA,NA
"Clear Creek","VB",2007-02-09,"19:15:00",400,37,"CLR327",2,"night",45.71,267,NA,NA,NA,NA
"Clear Creek","VB",2007-02-13,"17:19:00",389,38,"CLR328",1,"night",47.69,270,NA,NA,NA,NA
"Clear Creek","CCRB",2007-02-13,"17:48:00",399,38,"CLR329",1,"night",46.3,267,NA,NA,NA,NA
"Clear Creek","VB",2007-02-21,"16:35:00",432,38,"CLR330",1,"night",45.99,417,NA,NA,NA,NA
"Clear Creek","VB",2007-02-22,"16:13:00",400,38,"CLR331",0,"day",48.18,458,NA,NA,NA,NA
"Clear Creek","VB",2007-02-28,"16:31:00",405,38,"CLR332",1,"night",47.33,312,NA,NA,NA,NA
"Clear Creek","CCRB",2007-02-28,"17:07:00",393,38,"CLR333",1,"night",45.92,312,NA,NA,NA,NA
"Clear Creek","CCRB",2007-03-07,"17:35:00",382,38,"CLR334",1,"night",47.03,255,NA,NA,NA,NA
"Clear Creek","VB",2007-03-07,"18:30:00",398,38,"CLR335",1,"night",48.05,255,NA,NA,NA,NA
"Clear Creek","CCRB",2007-03-13,"18:12:00",382,39,"CLR336",1,"night",50.37,236,NA,NA,NA,NA
"Clear Creek","VB",2007-03-13,"18:55:00",398,38,"CLR337",1,"night",53.34,236,NA,NA,NA,NA
"Clear Creek","CCRB",2007-03-20,"17:30:00",319,38,"CLR338",0,"night",49.81,231,NA,NA,NA,NA
"Clear Creek","VB",2007-03-20,"18:00:00",410,38,"CLR339",1,"night",54.13,231,NA,NA,NA,NA
"Clear Creek","CCRB",2007-03-28,"18:35:00",380,38,"CLR340",1,"night",50,225,NA,NA,NA,NA
"Clear Creek","VB",2007-03-28,"19:30:00",396,38,"CLR341",1,"night",51.68,225,NA,NA,NA,NA
"Clear Creek","CCRB",2007-04-03,"17:15:00",394,38,"CLR342",1,"night",51.06,203,NA,NA,NA,NA
"Clear Creek","VB",2007-04-03,"18:00:00",413,37,"CLR343",1,"night",54.47,203,NA,NA,NA,NA
"Clear Creek","CCRB",2007-04-10,"17:25:00",383,38,"CLR344",1,"night",51.41,236,NA,NA,NA,NA
"Clear Creek","VB",2007-04-10,"20:05:00",396,38,"CLR345",1,"night",52.51,236,NA,NA,NA,NA
"Clear Creek","VB",2007-04-17,"19:40:00",397,38,"CLR346",0,"night",52.47,236,NA,NA,NA,NA
"Clear Creek","VB",2007-04-25,"19:59:00",415,40,"CLR347",1,"night",55.13,241,NA,NA,NA,NA
"Clear Creek","CCRB",2007-05-03,"19:15:00",85,61,"CLR348",1,"night",50.65,231,NA,NA,NA,NA
"Clear Creek","VB",2007-05-03,"19:48:00",343,42.5,"CLR349",1,"night",51.19,231,NA,NA,NA,NA
"Clear Creek","CCRB",2007-05-15,"18:00:00",136,60,"CLR350",1,"night",56.25,225,NA,NA,NA,NA
"Clear Creek","VB",2007-05-15,"18:45:00",302,43,"CLR351",1,"night",59.31,225,NA,NA,NA,NA
"Clear Creek","CCRB",2007-12-16,"21:23:00",191,34,"CLR352",1,"night",47.69,247,NA,NA,NA,NA
"Clear Creek","VB",2007-12-22,"20:07:00",402,37,"CLR353",1,"night",46.48,225,NA,NA,NA,NA
"Clear Creek","CCRB",2007-12-22,"21:01:00",400,36,"CLR354",1,"night",47.38,223,NA,NA,NA,NA
"Clear Creek","CCRB",2007-12-29,"21:24:00",325,35,"CLR355",1,"night",45.13,217,NA,NA,NA,NA
"Clear Creek","VB",2007-12-31,"19:15:00",398,37,"CLR356",0,"night",44.58,215,NA,NA,NA,NA
"Clear Creek","CCRB",2008-01-03,"21:38:00",496,37,"CLR357",0,"night",44.58,752,NA,NA,NA,NA
"Clear Creek","CCRB",2008-01-08,"21:10:00",391,37,"CLR358",1,"night",43.58,439,NA,NA,NA,NA
"Clear Creek","VB",2008-01-08,"23:30:00",397,38,"CLR359",1,"night",43.95,408,NA,NA,NA,NA
"Clear Creek","CCRB",2008-01-12,"22:08:00",318,38,"CLR360",1,"night",45.35,270,NA,NA,NA,NA
"Clear Creek","VB",2008-01-12,"24:00:00",401,38,"CLR361",1,"night",46.12,287,NA,NA,NA,NA
"Clear Creek","VB",2008-01-15,"18:08:00",399,37,"CLR362",1,"night",44.31,239,NA,NA,NA,NA
"Clear Creek","CCRB",2008-01-15,"18:39:00",402,38,"CLR363",1,"night",44.49,239,NA,NA,NA,NA
"Clear Creek","CCRB",2008-01-19,"22:10:00",401,37,"CLR364",1,"night",44.13,225,NA,NA,NA,NA
"Clear Creek","VB",2008-01-19,"23:32:00",398,37,"CLR365",1,"night",43.31,225,NA,NA,NA,NA
"Clear Creek","VB",2008-01-23,"21:35:00",417,37,"CLR366",1,"night",43.67,220,NA,NA,NA,NA
"Clear Creek","CCRB",2008-01-23,"21:55:00",394,38,"CLR367",1,"night",43.85,220,NA,NA,NA,NA
"Clear Creek","VB",2008-01-26,"22:45:00",405,37,"CLR368",1,"night",45.81,443,NA,NA,NA,NA
"Clear Creek","CCRB",2008-01-26,"23:04:00",399,37,"CLR369",1,"night",45.22,443,NA,NA,NA,NA
"Clear Creek","VB",2008-01-29,"22:30:00",401,38,"CLR370",1,"night",42.29,317,NA,NA,NA,NA
"Clear Creek","CCRB",2008-01-29,"22:45:00",406,37,"CLR371",1,"night",42.71,317,NA,NA,NA,NA
"Clear Creek","VB",2008-02-05,"19:00:00",408,38,"CLR372",1,"night",45.04,327,NA,NA,NA,NA
"Clear Creek","CCRB",2008-02-05,"19:20:00",405,39,"CLR373",1,"night",45.08,327,NA,NA,NA,NA
"Clear Creek","VB",2008-02-09,"18:18:00",418,39,"CLR374",1,"night",45.99,276,NA,NA,NA,NA
"Clear Creek","CCRB",2008-02-09,"18:45:00",410,39,"CLR375",1,"night",45.67,276,NA,NA,NA,NA
"Clear Creek","VB",2008-02-12,"17:45:00",407,38,"CLR376",1,"night",46.8,273,NA,NA,NA,NA
"Clear Creek","CCRB",2008-02-12,"18:15:00",401,39,"CLR377",1,"night",45.08,270,NA,NA,NA,NA
"Clear Creek","VB",2008-02-16,"17:35:00",410,38,"CLR378",1,"night",46.53,247,NA,NA,NA,NA
"Clear Creek","CCRB",2008-02-16,"17:50:00",402,38,"CLR379",1,"night",45.67,247,NA,NA,NA,NA
"Clear Creek","CCRB",2008-02-20,"17:30:00",399,39,"CLR380",1,"night",45.31,241,NA,NA,NA,NA
"Clear Creek","VB",2008-02-20,"17:55:00",402,39,"CLR381",1,"night",46.48,241,NA,NA,NA,NA
"Clear Creek","VB",2008-02-22,"20:10:00",402,38,"CLR382",0,"night",46.38,327,NA,NA,NA,NA
"Clear Creek","CCRB",2008-02-22,"20:30:00",402,38,"CLR383",0,"night",46.03,327,NA,NA,NA,NA
"Clear Creek","VB",2008-02-26,"17:30:00",396,38,"CLR384",0,"night",48.98,425,NA,NA,NA,NA
"Clear Creek","CCRB",2008-02-26,"17:45:00",397,38,"CLR385",0,"night",48.72,425,NA,NA,NA,NA
"Clear Creek","VB",2008-03-01,"18:05:00",402,38,"CLR386",1,"night",48.76,296,NA,NA,NA,NA
"Clear Creek","CCRB",2008-03-01,"18:20:00",405,38,"CLR387",1,"night",46.93,296,NA,NA,NA,NA
"Clear Creek","CCRB",2008-03-04,"18:34:00",374,38,"CLR388",1,"night",47.74,270,NA,NA,NA,NA
"Clear Creek","VB",2008-03-04,"18:47:00",371,37,"CLR389",1,"night",48.45,270,NA,NA,NA,NA
"Clear Creek","CCRB",2008-03-08,"18:00:00",402,38,"CLR390",1,"night",47.83,253,NA,NA,NA,NA
"Clear Creek","VB",2008-03-08,"18:13:00",401,37,"CLR391",1,"night",49.2,253,NA,NA,NA,NA
"Clear Creek","CCRB",2008-03-11,"19:17:00",405,38,"CLR392",1,"night",48.94,244,NA,NA,NA,NA
"Clear Creek","VB",2008-03-11,"19:34:00",404,37,"CLR393",1,"night",51.03,247,NA,NA,NA,NA
"Clear Creek","CCRB",2008-03-15,"18:25:00",406,37,"CLR394",1,"night",47.42,241,NA,NA,NA,NA
"Clear Creek","VB",2008-03-15,"19:10:00",405,38,"CLR395",1,"night",49.07,241,NA,NA,NA,NA
"Clear Creek","CCRB",2008-03-18,"19:02:00",402,37,"CLR396",1,"night",50.31,236,NA,NA,NA,NA
"Clear Creek","VB",2008-03-18,"19:17:00",401,37,"CLR397",1,"night",52.7,236,NA,NA,NA,NA
"Clear Creek","CCRB",2008-03-22,"19:00:00",410,37,"CLR398",1,"night",49.96,231,NA,NA,NA,NA
"Clear Creek","CCRB",2008-03-25,"19:00:00",394,38,"CLR399",1,"night",50.93,231,NA,NA,NA,NA
"Clear Creek","VB",2008-03-25,"19:25:00",397,37,"CLR400",1,"night",53.54,231,NA,NA,NA,NA
"Clear Creek","VB",2008-03-29,"19:00:00",405,38,"CLR401",1,"night",50.75,228,NA,NA,NA,NA
"Clear Creek","VB",2008-04-01,"19:10:00",404,37,"CLR402",1,"night",52.7,225,NA,NA,NA,NA
"Clear Creek","VB",2008-04-05,"18:35:00",401,36,"CLR403",1,"night",54.13,225,NA,NA,NA,NA
"Clear Creek","VB",2008-04-08,"19:00:00",411,37,"CLR404",1,"night",53.38,225,NA,NA,NA,NA
"Clear Creek","CCRB",2008-12-06,"16:45:00",334,34,"CLR405",1,"night",49.78,194,0.9,NA,NA,NA
"Clear Creek","CCRB",2008-12-08,"16:52:00",405,34,"CLR406",1,"night",50.31,194,1.05,NA,NA,NA
"Clear Creek","CCRB",2008-12-11,"16:55:00",404,34,"CLR407",1,"night",50.22,265,1.05,NA,NA,NA
"Clear Creek","CCRB",2008-12-15,"17:05:00",402,35,"CLR408",1,"night",48.36,204,1.03,NA,NA,NA
"Clear Creek","CCRB",2008-12-18,"16:58:00",403,34,"CLR409",1,"night",47.56,204,0.99,NA,NA,NA
"Clear Creek","VB",2008-12-18,"17:20:00",402,34,"CLR410",1,"night",46.08,204,1.37,NA,NA,NA
"Clear Creek","CCRB",2008-12-22,"17:15:00",418,35,"CLR411",1,"night",47.42,204,0.98,NA,NA,NA
"Clear Creek","VB",2008-12-22,"17:55:00",398,35,"CLR412",1,"night",47.38,204,0.73,NA,NA,NA
"Clear Creek","CCRB",2008-12-25,"17:47:00",300,35,"CLR413",1,"night",46.12,223,4.69,NA,NA,NA
"Clear Creek","VB",2008-12-25,"18:04:00",310,36,"CLR414",1,"night",45.94,223,6.23,NA,NA,NA
"Clear Creek","CCRB",2008-12-29,"17:45:00",413,35,"CLR415",1,"night",46.57,215,10.88,NA,NA,NA
"Clear Creek","CCRB",2009-01-01,"17:50:00",428,34,"CLR416",1,"night",46.3,207,1.25,NA,NA,NA
"Clear Creek","VB",2009-01-01,"18:10:00",395,NA,"CLR417",1,"night",46.53,207,1.05,NA,NA,NA
"Clear Creek","CCRB",2009-01-04,"17:10:00",399,36,"CLR418",1,"night",45.17,204,0.76,NA,NA,NA
"Clear Creek","VB",2009-01-04,"17:30:00",400,36,"CLR419",1,"night",44.81,204,1.63,NA,NA,NA
"Clear Creek","CCRB",2009-01-07,"17:28:00",415,36,"CLR420",1,"night",46.48,217,1.05,NA,NA,NA
"Clear Creek","VB",2009-01-07,"17:49:00",404,36,"CLR421",1,"night",46.8,217,1.13,NA,NA,NA
"Clear Creek","VB",2009-01-11,"17:53:00",402,36.5,"CLR422",1,"night",46.89,217,0.99,NA,NA,NA
"Clear Creek","CCRB",2009-01-11,"18:00:00",401,36,"CLR423",1,"night",46.75,217,1.09,NA,NA,NA
"Clear Creek","CCRB",2009-01-14,"17:47:00",401,37,"CLR424",1,"night",46.84,217,1.03,NA,NA,NA
"Clear Creek","VB",2009-01-14,"18:02:00",385,37,"CLR425",1,"night",47.15,215,1.15,NA,NA,NA
"Clear Creek","VB",2009-01-18,"17:40:00",400,37,"CLR426",1,"night",46.57,215,1.2,NA,NA,NA
"Clear Creek","CCRB",2009-01-18,"18:00:00",404,37,"CLR427",1,"night",46.48,217,0.92,NA,NA,NA
"Clear Creek","VB",2009-01-21,"17:52:00",409,37,"CLR428",1,"night",46.93,215,0.89,NA,NA,NA
"Clear Creek","CCRB",2009-01-21,"18:05:00",408,36,"CLR429",1,"night",46.71,215,0.83,NA,NA,NA
"Clear Creek","VB",2009-01-25,"17:15:00",400,37,"CLR430",1,"night",47.56,217,1.86,NA,NA,NA
"Clear Creek","CCRB",2009-01-25,"17:30:00",401,37,"CLR431",1,"night",46.53,217,0.94,NA,NA,NA
"Clear Creek","VB",2009-01-28,"17:25:00",399,37,"CLR432",1,"night",46.57,217,1.09,NA,NA,NA
"Clear Creek","CCRB",2009-01-28,"17:52:00",400,37,"CLR433",1,"night",46.21,218,0.99,NA,NA,NA
"Clear Creek","CCRB",2009-02-01,"17:40:00",404,37,"CLR434",1,"night",46.93,218,1.25,NA,NA,NA
"Clear Creek","VB",2009-02-01,"17:55:00",402,37,"CLR435",1,"night",47.78,218,1.26,NA,NA,NA
"Clear Creek","CCRB",2009-02-04,"17:17:00",405,37,"CLR436",1,"night",47.33,218,0.83,NA,NA,NA
"Clear Creek","VB",2009-02-04,"17:34:00",409,37,"CLR437",1,"night",48,215,0.68,NA,NA,NA
"Clear Creek","VB",2009-02-11,"17:50:00",410,37,"CLR438",1,"night",45.22,326,2.87,NA,NA,NA
"Clear Creek","CCRB",2009-02-11,"17:50:00",406,37,"CLR439",1,"night",44.31,326,2.87,NA,NA,NA
"Clear Creek","VB",2009-02-19,"17:45:00",800,38,"CLR440",1,"night",47.38,313,2.81,NA,NA,NA
"Clear Creek","VB",2009-02-25,"17:45:00",418,38,"CLR441",0,"night",47.78,440,32.7,NA,NA,NA
"Clear Creek","VB",2009-03-04,"18:05:00",433,37,"CLR442",1,"night",48.18,449,7.25,NA,NA,NA
"Clear Creek","VB",2009-03-11,"18:50:00",507,37,"CLR443",1,"night",49.65,260,3.28,NA,NA,NA
"Clear Creek","VB",2009-03-18,"19:00:00",511,37,"CLR444",1,"night",52.29,340,3.46,NA,NA,NA
"Clear Creek","VB",2009-03-25,"20:03:00",500,38,"CLR445",1,"night",52.42,257,3.34,NA,NA,NA
"Clear Creek","VB",2009-03-28,"19:48:00",503,37,"CLR446",1,"night",54.3,245,2.22,NA,NA,NA
"Clear Creek","VB",2009-04-01,"19:37:00",491,37,"CLR447",1,"night",55.04,242,2.21,NA,NA,NA
"Clear Creek","VB",2009-04-15,"19:45:00",308,37,"CLR448",1,"night",54.34,263,1.56,NA,NA,NA
"Clear Creek","VB",2009-04-18,"19:50:00",501,36,"CLR449",1,"night",58.07,254,1.18,NA,NA,NA
"Clear Creek","VB",2009-04-20,"19:32:00",144,37,"CLR450",1,"night",56.96,251,1.8,NA,NA,NA
"Clear Creek","VB",2009-04-25,"20:00:00",297,36,"CLR451",1,"night",56.99,242,1.06,NA,NA,NA
"Clear Creek","VB",2009-04-29,"20:05:00",497,36,"CLR452",1,"night",55.99,240,1.11,NA,NA,NA
"Clear Creek","VB",2009-05-06,"20:05:00",318,35,"CLR453",0,"night",56.99,428,6.13,NA,NA,NA
"Clear Creek","VB",2009-05-13,"20:55:00",233,35,"CLR454",1,"night",58.11,260,1.21,NA,NA,NA
"Clear Creek","CCRB",2009-12-19,"15:35:00",481,NA,"CLR455",1,"day",48,240,1.77,NA,NA,NA
"Clear Creek","CCRB",2009-12-25,"15:30:00",501,37,"CLR456",1,"day",46.89,231,1.32,NA,NA,NA
"Clear Creek","CCRB",2009-12-31,"22:30:00",440,37,"CLR457",1,"night",46.93,257,1.96,NA,NA,NA
"Clear Creek","CCRB",2009-12-31,"22:30:00",533,37,"CLR458",1,"night",46.93,257,1.96,NA,NA,NA
"Clear Creek","CCRB",2009-12-31,"22:30:00",505,37,"CLR459",1,"night",46.93,257,1.96,NA,NA,NA
"Clear Creek","VB",2010-01-07,"16:45:00",484,37,"CLR460",1,"night",48.0938,237,1.84,NA,NA,NA
"Clear Creek","VB",2010-01-07,"16:45:00",481,37,"CLR461",1,"night",48.0938,237,1.84,NA,NA,NA
"Clear Creek","VB",2010-01-07,"16:45:00",500,37,"CLR462",1,"night",48.0938,237,1.84,NA,NA,NA
"Clear Creek","VB",2010-01-18,"04:42:00",803,38,"CLR463",1,"night",48.23,991,NA,NA,NA,NA
"Clear Creek","CCRB",2010-01-28,"17:15:00",399,37,"CLR464",1,"night",48.938,436,4.79,NA,NA,NA
"Clear Creek","VB",2010-01-28,"17:30:00",404,37,"CLR465",1,"night",48.89,440,5.8,NA,NA,NA
"Clear Creek","VB",2010-02-04,"17:45:00",610,37,"CLR466",1,"night",47.9588,548,9.27,NA,NA,NA
"Clear Creek","VB",2010-02-11,"18:45:00",285,37,"CLR467",1,"night",48.49,479,1.57,NA,NA,NA
"Clear Creek","VB",2010-02-11,"18:45:00",274,38,"CLR468",1,"night",48.49,479,1.57,NA,NA,NA
"Clear Creek","VB",2010-03-04,"18:05:00",334,38,"CLR469",1,"night",48.938,453,5.55,NA,NA,NA
"Clear Creek","VB",2010-03-04,"18:05:00",325,38,"CLR470",1,"night",48.938,453,5.55,NA,NA,NA
"Clear Creek","VB",2010-04-18,"19:34:00",194,37,"CLR471",1,"night",57.074,323,3.51,NA,NA,NA
"Clear Creek","CCRB",2010-11-30,"19:17:00",135,35,"CLR472",0,"night",50.44,240,1.27,NA,NA,NA
"Clear Creek","CCRB",2010-12-07,"17:35:00",251,35,"CLR473",1,"night",51.017,301,2,NA,NA,NA
"Clear Creek","CCRB",2010-12-07,"17:35:00",247,35,"CLR474",1,"night",51.017,301,2,NA,NA,NA
"Clear Creek","CCRB",2010-12-11,"16:22:00",128,35,"CLR475",0,"night",51.984,301,2.23,NA,NA,NA
"Clear Creek","CCRB",2010-12-11,"16:27:00",124,35,"CLR476",0,"night",51.984,301,2.23,NA,NA,NA
"Clear Creek","CCRB",2010-12-11,"16:32:00",79,35,"CLR477",0,"night",51.984,301,2.23,NA,NA,NA
"Clear Creek","CCRB",2010-12-15,"18:22:00",210,35,"CLR478",1,"night",49.073,294,1.36,NA,NA,NA
"Clear Creek","CCRB",2010-12-15,"18:27:00",185,35,"CLR479",1,"night",49.073,298,1.36,NA,NA,NA
"Clear Creek","CCRB",2010-12-15,"18:32:00",166,34,"CLR480",1,"night",49.073,298,1.36,NA,NA,NA
"Clear Creek","CCRB",2010-12-21,"22:32:00",234,36,"CLR481",0,"night",48.583,393,1.79,NA,NA,NA
"Clear Creek","CCRB",2010-12-21,"22:37:00",202,36,"CLR482",0,"night",48.583,393,1.79,NA,NA,NA
"Clear Creek","CCRB",2010-12-21,"22:42:00",211,36,"CLR483",0,"night",48.583,397,1.79,NA,NA,NA
"Clear Creek","CCRB",2010-12-23,"16:48:00",155,36,"CLR484",0,"night",49.2,397,1.89,NA,NA,NA
"Clear Creek","CCRB",2010-12-23,"16:53:00",158,36,"CLR485",0,"night",49.294,393,1.89,NA,NA,NA
"Clear Creek","CCRB",2010-12-23,"16:58:00",151,36,"CLR486",0,"night",49.294,393,1.89,NA,NA,NA
"Clear Creek","VB",2011-01-02,"19:03:00",148,37,"CLR487",1,"night",47.33,355,2.47,NA,NA,NA
"Clear Creek","VB",2011-01-02,"19:10:00",149,37,"CLR488",1,"night",47.33,355,2.47,NA,NA,NA
"Clear Creek","VB",2011-01-02,"19:15:00",148,37,"CLR489",1,"night",47.33,355,2.47,NA,NA,NA
"Clear Creek","VB",2011-01-05,"19:48:00",197,37,"CLR490",1,"night",45.08,291,1.75,NA,NA,NA
"Clear Creek","VB",2011-01-05,"20:00:00",198,36,"CLR491",1,"night",44.95,291,1.75,NA,NA,NA
"Clear Creek","VB",2011-01-05,"20:10:00",200,37,"CLR492",1,"night",44.95,288,1.75,NA,NA,NA
"Clear Creek","VB",2011-01-08,"16:42:00",153,36,"CLR493",1,"night",44.54,271,1.31,NA,NA,NA
"Clear Creek","VB",2011-01-08,"16:47:00",153,35,"CLR494",1,"night",44.54,271,1.31,NA,NA,NA
"Clear Creek","VB",2011-01-08,"16:52:00",154,35,"CLR495",1,"night",44.49,271,1.31,NA,NA,NA
"Clear Creek","VB",2011-01-12,"18:05:00",296,36,"CLR496",1,"night",46.39,265,NA,NA,NA,NA
"Clear Creek","VB",2011-01-12,"18:10:00",299,37,"CLR497",1,"night",46.39,265,NA,NA,NA,NA
"Clear Creek","VB",2011-01-15,"17:10:00",299,36,"CLR498",1,"night",48.67,271,1.43,NA,NA,NA
"Clear Creek","VB",2011-01-15,"17:15:00",300,36,"CLR499",1,"night",48.67,271,1.43,NA,NA,NA
"Clear Creek","VB",2011-01-19,"14:48:00",308,37,"CLR500",1,"day",47.83,259,1.28,NA,NA,NA
"Clear Creek","VB",2011-01-19,"16:56:00",311,37,"CLR501",1,"night",47.74,259,1.28,NA,NA,NA
"Clear Creek","VB",2011-01-22,"17:15:00",318,36,"CLR502",1,"night",48.63,249,1.6,NA,NA,NA
"Clear Creek","VB",2011-01-22,"17:20:00",326,37,"CLR503",1,"night",48.63,249,1.6,NA,NA,NA
"Clear Creek","VB",2011-01-26,"17:25:00",286,36,"CLR504",1,"night",48.76,243,0.95,NA,NA,NA
"Clear Creek","VB",2011-01-26,"17:35:00",300,36,"CLR505",1,"night",48.63,243,0.95,NA,NA,NA
"Clear Creek","VB",2011-01-29,"16:45:00",305,37,"CLR506",1,"night",45.53,243,1.7,NA,NA,NA
"Clear Creek","VB",2011-01-29,"16:50:00",300,37,"CLR507",1,"night",45.53,243,1.7,NA,NA,NA
"Clear Creek","VB",2011-02-02,"17:35:00",285,36,"CLR508",1,"night",47.06,231,0.82,NA,NA,NA
"Clear Creek","VB",2011-02-02,"17:40:00",295,37,"CLR509",1,"night",47.06,231,0.82,NA,NA,NA
"Clear Creek","VB",2011-02-05,"17:19:00",293,37,"CLR510",1,"night",50.36,228,0.92,NA,NA,NA
"Clear Creek","VB",2011-02-05,"17:25:00",301,36,"CLR511",1,"night",50.36,228,0.92,NA,NA,NA
"Clear Creek","VB",2011-02-09,"17:30:00",302,37,"CLR512",1,"night",47.38,225,1.21,NA,NA,NA
"Clear Creek","VB",2011-02-09,"17:35:00",303,37,"CLR513",1,"night",47.38,225,1.21,NA,NA,NA
"Clear Creek","VB",2011-02-12,"17:30:00",300,37,"CLR514",1,"night",48.41,225,1.08,NA,NA,NA
"Clear Creek","VB",2011-02-12,"17:35:00",301,37,"CLR515",1,"night",48.41,225,1.08,NA,NA,NA
"Clear Creek","VB",2011-02-16,"19:06:00",298,36,"CLR516",0,"night",46.08,389,3.36,NA,NA,NA
"Clear Creek","VB",2011-02-16,"19:11:00",296,37,"CLR517",0,"night",46.08,385,3.36,NA,NA,NA
"Clear Creek","VB",2011-02-19,"17:40:00",301,35,"CLR518",1,"night",46.26,418,3.44,NA,NA,NA
"Clear Creek","VB",2011-02-19,"17:45:00",297,35,"CLR519",1,"night",46.26,418,3.44,NA,NA,NA
"Clear Creek","VB",2011-02-23,"17:50:00",293,36,"CLR520",1,"night",47.38,308,2.11,NA,NA,NA
"Clear Creek","VB",2011-02-23,"17:55:00",295,34,"CLR521",1,"night",47.38,308,2.11,NA,NA,NA
"Clear Creek","VB",2011-02-26,"17:35:00",249,35,"CLR522",1,"night",46.66,284,1.88,NA,NA,NA
"Clear Creek","VB",2011-02-26,"17:40:00",253,35,"CLR523",1,"night",46.66,284,1.88,NA,NA,NA
"Clear Creek","VB",2011-02-26,"17:45:00",250,36,"CLR524",1,"night",46.66,284,1.88,NA,NA,NA
"Clear Creek","VB",2011-03-02,"20:15:00",303,35,"CLR525",1,"night",47.2,642,17.1,NA,NA,NA
"Clear Creek","VB",2011-03-02,"20:15:00",303,35,"CLR526",1,"night",47.2,642,17.1,NA,NA,NA
"Clear Creek","VB",2011-03-05,"17:51:00",250,36,"CLR527",1,"night",48.85,355,2.42,NA,NA,NA
"Clear Creek","VB",2011-03-05,"17:56:00",251,36,"CLR528",1,"night",48.85,359,2.42,NA,NA,NA
"Clear Creek","VB",2011-03-05,"18:01:00",317,37,"CLR529",1,"night",48.76,359,2.42,NA,NA,NA
"Clear Creek","VB",2011-03-09,"18:10:00",257,36,"CLR530",1,"night",49.83,311,1.3,NA,NA,NA
"Clear Creek","VB",2011-03-09,"18:15:00",261,37,"CLR531",1,"night",49.83,311,1.3,NA,NA,NA
"Clear Creek","VB",2011-03-12,"18:41:00",302,35,"CLR532",1,"night",49.03,294,1.51,NA,NA,NA
"Clear Creek","VB",2011-03-30,"19:50:00",109,37,"CLR533",0,"night",54.04,464,4.88,NA,NA,NA
"Clear Creek","VB",2011-03-30,"19:55:00",118,35,"CLR534",0,"night",54.04,477,4.88,NA,NA,NA
"Clear Creek","VB",2011-04-23,"19:00:00",93,36,"CLR535",0,"night",52.16,288,2.11,NA,NA,NA
"Clear Creek","CCRB",2012-01-05,"18:30:00",195,36,"CLR536",1,"night",46.39,217,1.86,NA,NA,NA
"Clear Creek","CCRB",2012-01-05,"18:30:00",200,37,"CLR537",1,"night",46.39,217,1.86,NA,NA,NA
"Clear Creek","CCRB",2012-01-05,"18:30:00",205,37,"CLR538",1,"night",46.39,217,1.86,NA,NA,NA
"Clear Creek","VB",2012-01-10,"18:30:00",201,36,"CLR539",1,"night",45.35,217,1.28,NA,NA,NA
"Clear Creek","VB",2012-01-10,"18:30:00",208,36,"CLR540",1,"night",45.35,217,1.28,NA,NA,NA
"Clear Creek","VB",2012-01-10,"18:30:00",206,36,"CLR541",1,"night",45.35,217,1.28,NA,NA,NA
"Clear Creek","CCRB",2012-01-13,"18:21:00",208,37,"CLR542",1,"night",45.67,214,1.2,NA,NA,NA
"Clear Creek","CCRB",2012-01-13,"18:26:00",200,37,"CLR543",1,"night",45.67,217,1.2,NA,NA,NA
"Clear Creek","CCRB",2012-01-13,"18:31:00",202,37,"CLR544",1,"night",45.67,217,1.2,NA,NA,NA
"Clear Creek","VB",2012-01-17,"21:07:00",228,36,"CLR545",1,"night",42.71,214,0.76,NA,NA,NA
"Clear Creek","VB",2012-01-17,"21:10:00",203,36,"CLR546",1,"night",42.71,214,0.76,NA,NA,NA
"Clear Creek","VB",2012-01-17,"21:13:00",199,37,"CLR547",1,"night",42.71,214,0.76,NA,NA,NA
"Clear Creek","CCRB",2012-01-21,"23:33:00",203,37,"CLR548",2,"night",43.53,256,3.04,NA,NA,NA
"Clear Creek","CCRB",2012-01-21,"23:38:00",202,36,"CLR549",1,"night",43.53,256,3.04,NA,NA,NA
"Clear Creek","CCRB",2012-01-21,"23:45:00",211,37,"CLR550",1,"night",43.53,256,3.04,NA,NA,NA
"Clear Creek","VB",2012-01-24,"18:55:00",207,37,"CLR551",1,"night",45.62,252,2.76,NA,NA,NA
"Clear Creek","VB",2012-01-24,"19:00:00",207,36,"CLR552",1,"night",45.49,252,2.76,NA,NA,NA
"Clear Creek","VB",2012-01-24,"19:05:00",206,37,"CLR553",1,"night",45.49,252,2.76,NA,NA,NA
"Clear Creek","CCRB",2012-01-27,"18:50:00",301,36,"CLR554",1,"night",43.81,243,2.32,NA,NA,NA
"Clear Creek","CCRB",2012-01-27,"18:55:00",297,36,"CLR555",1,"night",43.81,243,2.32,NA,NA,NA
"Clear Creek","VB",2012-01-31,"20:12:00",293,37,"CLR556",1,"night",44.54,228,1.83,NA,NA,NA
"Clear Creek","VB",2012-01-31,"20:20:00",307,35,"CLR557",1,"night",44.54,228,1.83,NA,NA,NA
"Clear Creek","CCRB",2012-02-03,"20:02:00",307,36,"CLR558",1,"night",44.54,228,1.95,NA,NA,NA
"Clear Creek","CCRB",2012-02-03,"20:07:00",300,37,"CLR559",1,"night",44.54,228,1.95,NA,NA,NA
"Clear Creek","VB",2012-02-07,"18:20:00",306,37,"CLR560",1,"night",44.86,234,1.65,NA,NA,NA
"Clear Creek","VB",2012-02-07,"18:25:00",303,37,"CLR561",1,"night",44.86,234,1.65,NA,NA,NA
"Clear Creek","CCRB",2012-02-10,"20:14:00",299,36,"CLR562",1,"night",45.31,231,1.5,NA,NA,NA
"Clear Creek","CCRB",2012-02-10,"20:19:00",296,37,"CLR563",1,"night",45.26,231,1.5,NA,NA,NA
"Clear Creek","VB",2012-02-14,"18:03:00",299,37,"CLR564",1,"night",46.62,234,1.35,NA,NA,NA
"Clear Creek","VB",2012-02-14,"18:08:00",295,37,"CLR565",1,"night",46.62,234,1.35,NA,NA,NA
"Clear Creek","VB",2012-02-21,"18:36:00",308,36,"CLR566",1,"night",47.56,225,1.13,NA,NA,NA
"Clear Creek","VB",2012-02-21,"18:41:00",311,37,"CLR567",1,"night",47.56,228,1.13,NA,NA,NA
"Clear Creek","VB",2012-02-28,"20:49:00",309,36,"CLR568",1,"night",45.31,225,0.96,NA,NA,NA
"Clear Creek","VB",2012-02-28,"20:54:00",308,37,"CLR569",1,"night",45.31,225,0.96,NA,NA,NA
"Clear Creek","VB",2012-03-06,"20:11:00",302,36,"CLR570",1,"night",46.26,225,0.85,NA,NA,NA
"Clear Creek","VB",2012-03-06,"20:17:00",306,36,"CLR571",1,"night",46.26,225,0.85,NA,NA,NA
"Clear Creek","VB",2012-03-15,"22:40:00",303,37,"CLR572",1,"night",50.66,1650,93.8,NA,NA,NA
"Clear Creek","VB",2012-03-15,"22:45:00",300,37,"CLR573",1,"night",50.66,1650,93.8,NA,NA,NA
"Clear Creek","VB",2012-03-17,"20:20:00",302,35,"CLR574",0,"night",48.89,385,6.34,NA,NA,NA
"Clear Creek","VB",2012-03-17,"20:25:00",299,35,"CLR575",0,"night",48.89,385,6.34,NA,NA,NA
"Clear Creek","VB",2012-03-21,"18:53:00",306,36,"CLR576",1,"night",48.76,265,1.54,NA,NA,NA
"Clear Creek","VB",2012-03-21,"19:00:00",306,35,"CLR577",1,"night",48.72,265,1.54,NA,NA,NA
"Clear Creek","VB",2012-03-29,"19:35:00",271,37,"CLR578",1,"night",48.76,674,6.56,NA,NA,NA
"Clear Creek","VB",2012-03-29,"19:40:00",269,35,"CLR579",1,"night",48.76,674,6.56,NA,NA,NA
"Clear Creek","VB",2012-04-04,"19:42:00",291,36,"CLR580",1,"night",49.6,362,4.98,NA,NA,NA
"Clear Creek","VB",2012-04-04,"19:47:00",296,37,"CLR581",1,"night",49.6,362,4.98,NA,NA,NA
"Clear Creek","VB",2012-04-12,"21:20:00",161,36,"CLR582",1,"night",49.29,509,5.53,NA,NA,NA
"Clear Creek","VB",2012-04-12,"21:25:00",143,35,"CLR583",1,"night",49.29,509,5.53,NA,NA,NA
"Clear Creek","VB",2012-04-12,"21:30:00",165,36,"CLR584",1,"night",49.25,509,5.53,NA,NA,NA
"Clear Creek","CCRB",2012-12-26,"22:07:00",412,36,"CLR585",1,"night",45.58,426,19.8,NA,NA,NA
"Clear Creek","CCRB",2013-01-02,"22:45:00",348,36,"CLR586",2,"night",43.53,278,3.21,NA,NA,NA
"Clear Creek","CCRB",2013-01-02,"22:50:00",332,35,"CLR587",2,"night",43.53,278,3.21,NA,NA,NA
"Clear Creek","VB",2013-01-09,"22:39:00",422,36,"CLR588",1,"night",45.26,265,1.44,NA,NA,NA
"Clear Creek","VB",2013-01-09,"22:45:00",424,36,"CLR589",1,"night",45.26,265,1.44,NA,NA,NA
"Clear Creek","VB",2013-01-15,"22:30:00",425,36,"CLR590",1,"night",43.17,249,1.52,NA,NA,NA
"Clear Creek","VB",2013-01-15,"22:35:00",415,36,"CLR591",1,"night",43.17,249,1.52,NA,NA,NA
"Clear Creek","VB",2013-01-22,"18:16:00",315,37,"CLR592",1,"night",44.17,243,1.35,NA,NA,NA
"Clear Creek","VB",2013-01-22,"18:21:00",308,37,"CLR593",1,"night",44.17,243,1.35,NA,NA,NA
"Clear Creek","VB",2013-02-05,"18:16:00",409,37,"CLR594",2,"night",46.57,234,1.3,NA,NA,NA
"Clear Creek","VB",2013-02-05,"18:21:00",428,37,"CLR595",2,"night",46.57,234,1.3,NA,NA,NA
"Clear Creek","VB",2013-02-14,"18:06:00",420,37,"CLR596",1,"night",48.94,217,1.15,NA,NA,NA
"Clear Creek","VB",2013-02-14,"18:11:00",418,37,"CLR597",1,"night",48.94,217,1.15,NA,NA,NA
"Clear Creek","VB",2013-02-21,"18:30:00",406,37,"CLR598",1,"night",47.74,217,0.95,NA,NA,NA
"Clear Creek","VB",2013-02-21,"18:35:00",389,36,"CLR599",1,"night",47.74,217,0.95,NA,NA,NA
"Clear Creek","VB",2013-02-28,"17:00:00",410,37,"CLR600",1,"night",50.27,217,1.13,NA,NA,NA
"Clear Creek","VB",2013-02-28,"17:07:00",414,37,"CLR601",1,"night",50.27,217,1.13,NA,NA,NA
"Clear Creek","VB",2013-03-07,"18:15:00",398,37,"CLR602",1,"night",49.43,224,1.1,NA,NA,NA
"Clear Creek","VB",2013-03-07,"18:23:00",402,37,"CLR603",1,"night",49.43,224,1.1,NA,NA,NA
"Clear Creek","VB",2013-03-14,"19:00:00",393,37,"CLR604",1,"night",51.32,218,1.05,NA,NA,NA
"Clear Creek","VB",2013-03-14,"19:05:00",399,37,"CLR605",1,"night",51.32,218,1.05,NA,NA,NA
"Clear Creek","VB",2013-03-21,"19:45:00",244,37,"CLR606",1,"night",50.71,230,1.06,NA,NA,NA
"Clear Creek","VB",2013-03-28,"19:31:00",224,36,"CLR607",1,"night",51.11,218,0.97,NA,NA,NA
"Clear Creek","VB",2013-04-04,"19:36:00",168,37,"CLR608",1,"night",50.44,227,6.5,NA,NA,NA
"Clear Creek","VB",2013-04-04,"19:41:00",168,37,"CLR609",1,"night",50.44,227,6.5,NA,NA,NA
"Clear Creek","VB",2013-04-11,"19:45:00",371,36,"CLR610",1,"night",52.07,896,7.3,NA,NA,NA
"Clear Creek","VB",2013-04-18,"19:42:00",206,36,"CLR611",1,"night",56.77,218,1,NA,NA,NA
"Clear Creek","CCRB",2013-12-09,"16:20:00",497,34,"CLR612",1,"night",47.42,210,0.66,NA,NA,NA
"Clear Creek","CCRB",2013-12-10,"16:30:00",507,34,"CLR613",1,"night",46.89,210,0.94,NA,NA,NA
"Clear Creek","CCRB",2013-12-19,"17:25:00",360,NA,"CLR614",1,"night",46.12,212,1.3,NA,NA,NA
"Clear Creek","CCRB",2013-12-19,"17:30:00",384,34,"CLR615",1,"night",46.17,212,1.3,NA,NA,NA
"Clear Creek","CCRB",2013-12-26,"16:30:00",516,34,"CLR616",1,"night",46.03,212,0.58,NA,NA,NA
"Clear Creek","CCRB",2013-12-26,"16:30:00",499,34,"CLR617",1,"night",46.03,212,0.58,NA,NA,NA
"Clear Creek","VB",2014-01-02,"16:30:00",528,36,"CLR618",1,"night",47.11,210,1.57,NA,NA,NA
"Clear Creek","CCRB",2014-01-02,"16:50:00",513,36,"CLR619",1,"night",46.17,210,1.67,NA,NA,NA
"Clear Creek","CCRB",2014-01-08,"16:30:00",495,37,"CLR620",1,"night",46.39,207,0.86,NA,NA,NA
"Clear Creek","VB",2014-01-08,"16:45:00",493,37,"CLR621",1,"night",46.53,207,0.93,NA,NA,NA
"Clear Creek","VB",2014-01-23,"17:35:00",530,37,"CLR622",1,"night",48.27,204,0.95,NA,NA,NA
"Clear Creek","VB",2014-01-23,"17:40:00",519,38,"CLR623",1,"night",48.27,204,0.95,NA,NA,NA
"Clear Creek","VB",2014-02-06,"17:10:00",518,37,"CLR624",1,"night",45.9,207,1,NA,NA,NA
"Clear Creek","VB",2014-02-06,"17:15:00",522,37,"CLR625",1,"night",45.9,207,1,NA,NA,NA
"Clear Creek","VB",2014-02-20,"17:10:00",509,37,"CLR626",1,"night",50.36,207,2.68,NA,NA,NA
"Clear Creek","VB",2014-02-20,"17:15:00",505,37,"CLR627",1,"night",50.36,207,2.68,NA,NA,NA
"Clear Creek","VB",2014-03-14,"18:40:00",524,36,"CLR628",1,"night",54.26,207,1.24,NA,NA,NA
"Clear Creek","VB",2014-03-14,"18:45:00",506,37,"CLR629",1,"night",54.26,207,1.24,NA,NA,NA
"Clear Creek","CCRB",2014-12-30,"17:05:00",503,36,"CLR630",1,"night",47.51,242,1.25,NA,NA,NA
"Clear Creek","CCRB",2015-01-06,"17:16:00",504,36,"CLR631",1,"night",49.12,221,1.52,NA,NA,NA
"Clear Creek","VB",2015-01-13,"17:27:00",519,36,"CLR632",1,"night",49.87,210,1.18,NA,NA,NA
"Clear Creek","CCRB",2015-01-13,"17:47:00",532,36,"CLR633",1,"night",49.56,210,1.15,NA,NA,NA
"Clear Creek","VB",2015-01-27,"17:15:00",316,37,"CLR634",1,"night",50.22,199,1.31,NA,NA,NA
"Clear Creek","CCRB",2015-01-27,"17:40:00",314,37,"CLR635",1,"night",50,201,1.59,NA,NA,NA
"Clear Creek","VB",2015-02-17,"17:50:00",521,37,"CLR636",1,"night",52.69,277,1.64,NA,NA,NA
"Clear Creek","VB",2015-03-03,"18:10:00",390,37,"CLR637",1,"night",52.2,227,1.67,NA,NA,NA
"Clear Creek","CCRB",2015-11-18,"16:45:00",330,34,"CLR638",1,"night",55.21,223,1.56,NA,NA,NA
"Clear Creek","VB",2015-11-18,"17:03:00",149,33,"CLR639",1,"night",54.08,222,1.24,NA,NA,NA
"Clear Creek","VB",2015-11-24,"17:24:00",156,33,"CLR640",1,"night",54.08,242,1.46,NA,NA,NA
"Clear Creek","CCRB",2015-11-24,"17:41:00",227,32,"CLR641",1,"night",53.69,242,1.16,NA,NA,NA
"Clear Creek","CCRB",2015-11-30,NA,NA,NA,"CLR642",NA,NA,NA,NA,2.16,NA,NA,NA
"Clear Creek","VB",2015-12-01,"18:28:00",267,34,"CLR643",1,"night",51.06,242,1.19,NA,NA,NA
"Clear Creek","VB",2015-12-08,"18:28:00",510,35,"CLR644",1,"night",52.07,245,1.78,NA,NA,NA
"Clear Creek","CCRB",2015-12-08,"18:45:00",479,33,"CLR645",1,"night",51.41,245,1.37,NA,NA,NA
"Clear Creek","VB",2015-12-15,"16:50:00",509,35,"CLR646",1,"night",49.12,251,1.68,NA,NA,NA
"Clear Creek","CCRB",2015-12-15,"17:10:00",376,35.5,"CLR647",1,"night",49.12,251,1.69,NA,NA,NA
"Clear Creek","VB",2015-12-22,"16:45:00",519,35,"CLR648",1,"night",49.91,331,5.77,NA,NA,NA
"Clear Creek","CCRB",2015-12-22,"17:05:00",NA,NA,"CLR649",NA,NA,NA,NA,6.77,NA,NA,NA
"Clear Creek","VB",2015-12-29,"16:55:00",501,35,"CLR650",1,"night",47.15,224,1.55,NA,NA,NA
"Clear Creek","CCRB",2015-12-29,"17:15:00",516,36,"CLR651",1,"night",47.2,225,1.61,NA,NA,NA
"Clear Creek","VB",2016-01-05,"18:35:00",462,36,"CLR652",1,"night",47.11,376,9,NA,NA,NA
"Clear Creek","CCRB",2016-01-05,"18:55:00",465,35,"CLR653",1,"night",47.18,398,3.91,NA,NA,NA
"Clear Creek","CCRB",2016-01-12,"17:15:00",502,36,"CLR654",1,"night",47.85,262,1.7,NA,NA,NA
"Clear Creek","VB",2016-01-12,"17:35:00",536,36,"CLR655",1,"night",47.78,262,2.4,NA,NA,NA
"Clear Creek","VB",2016-01-26,"17:14:00",502,37,"CLR656",1,"night",49.47,407,3.4,NA,NA,NA
"Clear Creek","CCRB",2016-01-26,"17:33:00",511,37,"CLR657",1,"night",49.47,402,2.82,NA,NA,NA
"Clear Creek","VB",2016-02-02,"17:05:00",507,36,"CLR658",1,"night",47.83,332,2.43,NA,NA,NA
"Clear Creek","CCRB",2016-02-02,"17:28:00",498,36,"CLR659",1,"night",47.33,332,1.65,NA,NA,NA
"Clear Creek","VB",2016-02-09,"17:55:00",506,36,"CLR660",1,"night",49.96,264,2.24,NA,NA,NA
"Clear Creek","CCRB",2016-02-09,"18:18:00",517,37,"CLR661",1,"night",49.25,264,2.21,NA,NA,NA
"Clear Creek","CCRB",2016-02-23,"17:34:00",507,36,"CLR662",1,"night",50.18,254,1.49,NA,NA,NA
"Clear Creek","VB",2016-02-23,"17:48:00",499,36,"CLR663",1,"night",49.96,254,1.58,NA,NA,NA
"Clear Creek","VB",2016-03-08,"18:15:00",488,36,"CLR664",1,"night",50,382,2.93,NA,NA,NA
"Clear Creek","CCRB",2016-03-08,"18:34:00",480,37,"CLR665",1,"night",49.74,382,1.92,NA,NA,NA
"Clear Creek","CCRB",2016-11-22,"16:45:00",264,33.5,"CLR666",0,"night",54.8,303,1.37,NA,NA,NA
"Clear Creek","CCRB",2016-11-28,"16:30:00",268,33.5,"CLR667",0,"night",53.38,320,1.5,NA,NA,NA
"Clear Creek","CCRB",2016-12-02,"16:38:00",323,34,"CLR668",0,"night",51.94,283,0.9,NA,NA,NA
"Clear Creek","CCRB",2016-12-05,"16:40:00",322,34,"CLR669",1,"night",51.37,273,1.95,NA,NA,NA
"Clear Creek","CCRB",2016-12-08,"16:35:00",467,34,"CLR670",0,"night",49.47,276,0.8,NA,NA,NA
"Clear Creek","CCRB",2016-12-12,"16:36:00",286,34.5,"CLR671",0,"night",49.56,451,1.54,NA,NA,NA
"Clear Creek","VB",2016-12-20,"16:56:00",642,34.5,"CLR672",1,"night",47.74,310,3.27,NA,NA,NA
"Clear Creek","VB",2016-12-27,"17:01:00",360,35.5,"CLR673",1,"night",46.08,313,3,NA,NA,NA
"Clear Creek","VB",2016-12-31,"16:40:00",383,35.5,"CLR674",1,"night",46.3,289,1.94,NA,NA,NA
"Clear Creek","VB",2017-01-04,"17:10:00",500,36,"CLR675",1,"night",45.99,375,3.96,NA,NA,NA
"Clear Creek","VB",2017-01-25,"16:55:00",552,37,"CLR676",1,"night",45.31,554,7.54,NA,NA,NA
"Clear Creek","VB",2017-01-29,"17:25:00",769,36.5,"CLR677",1,"night",44.63,434,5.53,NA,NA,NA
"Clear Creek","CCRB",2017-12-07,"16:30:00",130,34,"CLR678",1,"night",50.84,211,1.33,NA,NA,NA
"Clear Creek","CCRB",2017-12-12,"16:28:00",179,35,"CLR679",1,"night",49.78,211,1.21,NA,NA,NA
"Clear Creek","CCRB",2017-12-15,"16:36:00",135,36,"CLR680",1,"night",49.87,211,1.13,NA,NA,NA
"Clear Creek","CCRB",2017-12-19,"16:19:00",237,35,"CLR681",1,"night",49.29,214,1.25,NA,NA,NA
"Clear Creek","VB",2018-01-12,"17:04:00",272,33,"CLR682",1,"night",49.83,217,2.04,NA,NA,NA
"Clear Creek","VB",2018-01-16,"17:09:00",509,32,"CLR683",1,"night",48.45,217,1.48,NA,NA,NA
"Clear Creek","VB",2018-01-22,"20:00:00",504,33,"CLR684",0,"night",48.18,237,2.13,NA,NA,NA
"Clear Creek","VB",2018-02-01,"17:28:00",494,33,"CLR685",1,"night",50.97,214,1.98,NA,NA,NA
"Clear Creek","VB",2018-02-07,"17:35:00",496,33,"CLR686",1,"night",51.19,209,1.39,NA,NA,NA
"Clear Creek","VB",2018-02-14,"17:44:00",491,32,"CLR687",1,"night",45.08,209,1.55,NA,NA,NA
"Clear Creek","VB",2018-03-17,"19:09:00",466,37,"CLR688",1,"night",50.71,242,1.6,NA,NA,NA
"Clear Creek","P4",2019-01-23,"17:14:00",420,36,"CLR689",1,"night",48.49,321,11.3,NA,NA,NA
"Clear Creek","VB",2019-01-29,"17:11:00",600,36,"CLR690",1,"night",50.71,275,7.61,NA,NA,NA
"Clear Creek","VB",2019-02-05,"17:07:00",832,37,"CLR691",1,"night",47.65,398,15.4,NA,NA,NA
"Clear Creek","VB",2019-02-19,"17:10:00",806,35,"CLR692",0,"night",46.84,345,3.99,NA,NA,NA
"Clear Creek","CCRB",2019-01-02,"16:55:00",392,36,"CLR693",1,"night",48.49,239,3.29,NA,NA,NA
"Clear Creek","VB",2019-12-12,"17:00:00",416,34,"CLR694",1,"night",NA,NA,3.39,NA,NA,NA
"Clear Creek","CCRB",2019-12-12,"17:22:00",218,34,"CLR695",1,"night",NA,NA,3.65,NA,NA,NA
"Clear Creek","CCRB",2019-12-26,"17:39:00",204,35,"CLR696",1,"night",NA,NA,NA,NA,NA,NA
"Clear Creek","CCRB",2019-12-30,"19:01:00",355,35,"CLR697",1,"night",NA,NA,3.65,NA,NA,NA
"Clear Creek","CCRB",2020-01-04,"16:50:00",248,35,"CLR698",1,"night",NA,NA,3.52,NA,NA,NA
"Clear Creek","VB",2020-01-08,"16:44:00",494,35,"CLR699",1,"night",NA,NA,2.31,NA,NA,NA
"Clear Creek","VB",2020-01-15,"18:05:00",405,36,"CLR700",1,"night",NA,NA,2.38,NA,NA,NA
"Clear Creek","VB",2020-01-23,"17:16:00",537,37,"CLR701",1,"night",NA,NA,2.42,NA,NA,NA
"Clear Creek","VB",2020-01-31,"17:45:00",500,36,"CLR702",1,"night",NA,NA,3.61,NA,NA,NA
"Clear Creek","VB",2020-02-07,"18:03:00",530,36,"CLR703",1,"night",NA,NA,1.4,NA,NA,NA
"Clear Creek","VB",2020-02-19,"17:49:00",650,36,"CLR704",1,"night",NA,NA,1.38,NA,NA,NA
"Clear Creek","VB",2020-03-03,"18:04:00",545,36,"CLR705",3,"night",NA,NA,2.49,NA,NA,NA
"Clear Creek","CCRB",2020-12-08,"17:03:00",301,34,"CLR706",1,"night",NA,NA,1.38,NA,NA,NA
"Clear Creek","CCRB",2020-12-15,"17:48:00",296,34,"CLR707",1,"night",NA,NA,1.43,NA,NA,NA
"Clear Creek","CCRB",2020-12-22,"17:45:00",296,33,"CLR708",1,"night",NA,NA,1.18,NA,NA,NA
"Clear Creek","VB",2020-12-25,"16:51:00",437,35,"CLR709",1,"night",NA,NA,3.1,NA,NA,NA
"Clear Creek","CCRB",2020-12-28,"18:06:00",365,37,"CLR710",0,"night",NA,NA,1.7,NA,NA,NA
"Clear Creek","VB",2021-01-05,"17:10:00",426,37,"CLR711",0,"night",NA,NA,2.04,NA,NA,NA
"Clear Creek","VB",2021-01-11,"17:34:00",397,38,"CLR712",1,"night",NA,NA,3.16,NA,NA,NA
"Clear Creek","VB",2021-01-19,"18:35:00",412,37,"CLR713",0,"night",NA,NA,1.24,NA,NA,NA
"Clear Creek","CCRB",2021-01-19,"19:00:00",336,37,"CLR714",0,"night",NA,NA,0.66,NA,NA,NA
"Clear Creek","CCRB",2021-02-16,"18:50:00",326,38,"CLR715",1,"night",NA,NA,2.58,NA,NA,NA
"Upper Battle Creek",NA,2004-01-14,"15:46:00",147,35,"BAT96",1,"night",46.5,445,NA,"natural",NA,NA
"Upper Battle Creek",NA,2004-01-27,"23:23:00",428,38,"BAT97",1,"night",45.2,750,NA,"natural",NA,NA
"Upper Battle Creek",NA,2004-01-30,"17:02:00",387,36,"BAT98",1,"night",48.8,490,NA,"natural",NA,NA
"Upper Battle Creek",NA,2004-02-06,"17:00:00",390,37,"BAT99",1,"night",47.1,495,NA,"natural",NA,NA
"Upper Battle Creek",NA,2004-02-10,"19:12:00",399,37,"BAT100",1,"night",47.4,432,NA,"natural",NA,NA
"Upper Battle Creek",NA,2004-02-13,"18:05:00",400,37,"BAT101",1,"night",47.4,407,NA,"natural",NA,NA
"Upper Battle Creek",NA,2004-02-24,"14:28:00",282,37,"BAT102",1,"day",49.3,892,NA,"natural",NA,NA
"Upper Battle Creek",NA,2004-03-05,"18:49:00",300,37,"BAT103",1,"night",49.9,690,NA,"natural",NA,NA
"Upper Battle Creek",NA,2004-03-09,"17:13:00",425,37,"BAT104",1,"night",56,657,NA,"natural",NA,NA
"Upper Battle Creek",NA,2004-03-12,"17:40:00",450,36,"BAT105",1,"night",55.2,668,NA,"natural",NA,NA
"Upper Battle Creek",NA,2004-03-26,"18:05:00",269,37,"BAT106",1,"night",49.3,722,NA,"natural",NA,NA
"Upper Battle Creek",NA,2004-04-02,"18:10:00",272,65,"BAT107",1,"night",54.1,578,NA,"natural",NA,NA
"Upper Battle Creek",NA,2004-04-09,"15:35:00",157,70,"BAT108",1,"day",57.7,593,NA,"natural",NA,NA
"Upper Battle Creek",NA,2004-04-16,"14:06:00",597,56,"BAT109",1,"day",51.8,542,NA,"natural",NA,NA
"Upper Battle Creek",NA,2005-01-04,"21:00:00",105,36,"BAT110",1,"night",45.43,391,NA,"natural",NA,NA
"Upper Battle Creek",NA,2005-01-11,"13:30:00",91,37,"BAT111",1,"day",46.82,601,NA,"natural",NA,NA
"Upper Battle Creek",NA,2005-01-14,"14:27:00",130,37,"BAT112",1,"day",45.43,345,NA,"natural",NA,NA
"Upper Battle Creek",NA,2005-01-21,"19:50:00",380,36,"BAT113",1,"night",49.31,310,NA,"natural",NA,NA
"Upper Battle Creek",NA,2005-01-25,"19:29:00",388,37,"BAT114",1,"night",51.27,321,NA,"natural",NA,NA
"Upper Battle Creek",NA,2005-01-28,"18:35:00",403,38,"BAT115",0,"night",49.59,605,NA,"natural",NA,NA
"Upper Battle Creek",NA,2005-02-01,"19:05:00",413,37,"BAT116",1,"night",48.48,363,NA,"natural",NA,NA
"Upper Battle Creek",NA,2005-02-04,"19:38:00",448,37,"BAT117",1,"night",49.59,340,NA,"natural",NA,NA
"Upper Battle Creek",NA,2005-02-08,"17:39:00",399,37,"BAT118",1,"night",50.15,321,NA,"natural",NA,NA
"Upper Battle Creek",NA,2005-02-11,"19:58:00",415,37,"BAT119",1,"night",49.31,307,NA,"natural",NA,NA
"Upper Battle Creek",NA,2005-02-15,"19:38:00",440,36,"BAT120",1,"night",49.59,370,NA,"natural",NA,NA
"Upper Battle Creek",NA,2005-02-18,"19:50:00",408,37,"BAT121",1,"night",50.71,363,NA,"natural",NA,NA
"Upper Battle Creek",NA,2005-02-22,"19:21:00",431,37,"BAT122",1,"night",52.66,402,NA,"natural",NA,NA
"Upper Battle Creek",NA,2005-02-25,"19:40:00",408,36,"BAT123",1,"night",53.22,367,NA,"natural",NA,NA
"Upper Battle Creek",NA,2005-03-01,"17:52:00",403,37,"BAT124",1,"night",51.27,414,NA,"natural",NA,NA
"Upper Battle Creek",NA,2005-03-04,"18:46:00",273,36,"BAT125",1,"night",53.78,430,NA,"natural",NA,NA
"Upper Battle Creek",NA,2005-03-08,"20:05:00",525,35,"BAT126",1,"night",55.72,374,NA,"natural",NA,NA
"Upper Battle Creek",NA,2005-03-11,"19:50:00",387,35,"BAT127",1,"night",56.83,382,NA,"natural",NA,NA
"Upper Battle Creek",NA,2005-03-15,"18:37:00",318,34,"BAT128",1,"night",53.78,355,NA,"natural",NA,NA
"Upper Battle Creek",NA,2005-03-22,"18:22:00",114,41,"BAT129",1,"night",53.22,592,NA,"natural",NA,NA
"Upper Battle Creek",NA,2005-03-25,"20:31:00",111,37,"BAT130",1,"night",NA,390,NA,"natural",NA,NA
"Upper Battle Creek",NA,2005-04-01,"18:10:00",237,45,"BAT131",1,"night",53.78,398,NA,"natural",NA,NA
"Upper Battle Creek",NA,2005-04-05,"18:57:00",152,37,"BAT132",1,"night",55.45,394,NA,"natural",NA,NA
"Upper Battle Creek",NA,2005-04-08,"18:45:00",198,39,"BAT133",1,"night",51.83,588,NA,"natural",NA,NA
"Upper Battle Creek",NA,2005-04-12,"19:24:00",171,42,"BAT134",1,"night",54.89,438,NA,"natural",NA,NA
"Upper Battle Creek",NA,2005-04-15,"19:11:00",383,36,"BAT135",1,"night",55.72,402,NA,"natural",NA,NA
"Upper Battle Creek",NA,2005-04-19,"19:56:00",89,39,"BAT136",1,"night",55.17,414,NA,"natural",NA,NA
"Upper Battle Creek",NA,2005-04-29,"17:27:00",100,35,"BAT137",1,"day",58.8,458,NA,"natural",NA,NA
"Upper Battle Creek",NA,2005-05-06,"15:46:00",113,36,"BAT138",1,"day",55.45,623,NA,"natural",NA,NA
"Upper Battle Creek",NA,2005-05-13,"16:54:00",65,41,"BAT139",1,"day",60.79,668,NA,"natural",NA,NA
"Upper Battle Creek",NA,2006-01-31,"16:00:00",197,36,"BAT140",1,"day",45.71,944,NA,"natural",NA,NA
"Upper Battle Creek",NA,2006-02-07,"18:30:00",209,37,"BAT141",0,"night",49.03,905,NA,"natural",NA,NA
"Upper Battle Creek",NA,2006-02-10,"17:25:00",298,NA,"BAT142",1,"night",49.87,767,NA,"natural",NA,NA
"Upper Battle Creek",NA,2006-02-17,"14:15:00",410,37,"BAT143",1,"day",45.15,627,NA,"natural",NA,NA
"Upper Battle Creek",NA,2006-02-24,"18:15:00",425,37,"BAT144",1,"night",49.59,561,NA,"natural",NA,NA
"Upper Battle Creek",NA,2006-03-21,"18:21:00",464,36,"BAT145",1,"night",49.03,772,NA,"natural",NA,NA
"Upper Battle Creek",NA,2007-12-29,"17:40:00",249,38,"BAT146",1,"night",43.79,371,NA,"hatchery",NA,NA
"Upper Battle Creek",NA,2008-01-01,"19:35:00",254,38,"BAT147",1,"night",44.91,248,NA,"hatchery",NA,NA
"Upper Battle Creek",NA,2008-01-09,"02:05:00",503,38,"BAT148",1,"night",44.63,599,NA,"hatchery",NA,NA
"Upper Battle Creek",NA,2008-01-09,"02:05:00",481,36,"BAT149",1,"night",44.63,599,NA,"natural",NA,NA
"Upper Battle Creek",NA,2008-01-12,"19:37:00",291,38,"BAT150",1,"night",48.8,468,NA,"hatchery",NA,NA
"Upper Battle Creek",NA,2008-01-12,"19:37:00",303,37,"BAT151",1,"night",48.8,468,NA,"natural",NA,NA
"Upper Battle Creek",NA,2008-01-15,"20:19:00",301,38,"BAT152",1,"night",45.47,320,NA,"hatchery",NA,NA
"Upper Battle Creek",NA,2008-01-15,"20:19:00",305,37,"BAT153",1,"night",45.47,320,NA,"natural",NA,NA
"Upper Battle Creek",NA,2008-01-19,"20:36:00",304,38,"BAT154",1,"night",46.58,298,NA,"hatchery",NA,NA
"Upper Battle Creek",NA,2008-01-19,"20:36:00",335,38,"BAT155",1,"night",46.58,298,NA,"natural",NA,NA
"Upper Battle Creek",NA,2008-01-23,"19:15:00",299,39,"BAT156",1,"night",44.91,343,NA,"hatchery",NA,NA
"Upper Battle Creek",NA,2008-01-23,"19:15:00",286,37,"BAT157",1,"night",44.91,343,NA,"natural",NA,NA
"Upper Battle Creek",NA,2008-01-27,"21:30:00",182,40,"BAT158",2,"night",48.24,678,NA,"hatchery",NA,NA
"Upper Battle Creek",NA,2008-01-27,"21:30:00",266,38,"BAT159",2,"night",48.24,678,NA,"natural",NA,NA
"Upper Battle Creek",NA,2008-01-29,"19:40:00",299,41,"BAT160",0,"night",44.07,556,NA,"hatchery",NA,NA
"Upper Battle Creek",NA,2008-01-29,"19:40:00",303,37,"BAT161",0,"night",44.07,556,NA,"natural",NA,NA
"Upper Battle Creek",NA,2008-02-03,"08:40:00",308,39,"BAT162",2,"day",44.07,565,NA,"hatchery",NA,NA
"Upper Battle Creek",NA,2008-02-03,"08:40:00",308,37,"BAT163",2,"day",44.07,565,NA,"natural",NA,NA
"Upper Battle Creek",NA,2008-02-05,"20:30:00",301,39,"BAT164",1,"night",45.74,391,NA,"hatchery",NA,NA
"Upper Battle Creek",NA,2008-02-05,"20:30:00",303,37,"BAT165",1,"night",45.74,391,NA,"natural",NA,NA
"Upper Battle Creek",NA,2008-02-09,"19:35:00",302,39,"BAT166",1,"night",49.08,343,NA,"hatchery",NA,NA
"Upper Battle Creek",NA,2008-02-09,"19:35:00",299,37,"BAT167",1,"night",49.08,343,NA,"natural",NA,NA
"Upper Battle Creek",NA,2008-02-12,"19:36:00",305,39,"BAT168",1,"night",51.04,324,NA,"hatchery",NA,NA
"Upper Battle Creek",NA,2008-02-12,"19:36:00",302,38,"BAT169",1,"night",51.04,324,NA,"natural",NA,NA
"Upper Battle Creek",NA,2008-02-16,"19:00:00",300,36,"BAT170",0,"night",49.64,328,NA,"hatchery",NA,NA
"Upper Battle Creek",NA,2008-02-16,"19:00:00",302,38,"BAT171",0,"night",49.64,328,NA,"natural",NA,NA
"Upper Battle Creek",NA,2008-02-20,"19:00:00",301,38,"BAT172",1,"night",51.04,332,NA,"hatchery",NA,NA
"Upper Battle Creek",NA,2008-02-20,"19:00:00",296,38,"BAT173",1,"night",51.04,332,NA,"natural",NA,NA
"Upper Battle Creek",NA,2008-02-22,"19:00:00",306,38,"BAT174",0,"night",49.36,727,NA,"hatchery",NA,NA
"Upper Battle Creek",NA,2008-02-22,"19:00:00",301,38,"BAT175",0,"night",49.36,727,NA,"natural",NA,NA
"Upper Battle Creek",NA,2008-02-26,"18:50:00",307,38,"BAT176",0,"night",50.76,477,NA,"hatchery",NA,NA
"Upper Battle Creek",NA,2008-02-26,"18:50:00",296,37,"BAT177",0,"night",50.76,477,NA,"natural",NA,NA
"Upper Battle Creek",NA,2008-03-01,"19:12:00",309,40,"BAT178",1,"night",52.16,411,NA,"hatchery",NA,NA
"Upper Battle Creek",NA,2008-03-01,"19:12:00",309,38,"BAT179",1,"night",52.16,411,NA,"natural",NA,NA
"Upper Battle Creek",NA,2008-03-04,"19:35:00",303,38,"BAT180",1,"night",51.6,383,NA,"hatchery",NA,NA
"Upper Battle Creek",NA,2008-03-04,"19:35:00",70,37,"BAT181",1,"night",51.6,383,NA,"natural",NA,NA
"Upper Battle Creek",NA,2008-03-08,"19:02:00",302,39,"BAT182",1,"night",52.71,351,NA,"hatchery",NA,NA
"Upper Battle Creek",NA,2008-03-08,"19:02:00",306,37,"BAT183",1,"night",52.71,351,NA,"natural",NA,NA
"Upper Battle Creek",NA,2008-03-11,"20:30:00",309,40,"BAT184",1,"night",54.94,383,NA,"hatchery",NA,NA
"Upper Battle Creek",NA,2008-03-11,"20:30:00",299,37,"BAT185",1,"night",54.94,383,NA,"natural",NA,NA
"Upper Battle Creek",NA,2008-03-15,"19:55:00",303,41,"BAT186",1,"night",50.2,423,NA,"hatchery",NA,NA
"Upper Battle Creek",NA,2008-03-15,"19:55:00",304,37,"BAT187",1,"night",50.2,423,NA,"natural",NA,NA
"Upper Battle Creek",NA,2008-03-18,"18:55:00",563,43,"BAT188",1,"night",54.66,367,NA,"hatchery",NA,NA
"Upper Battle Creek",NA,2008-03-18,"18:55:00",523,37,"BAT189",1,"night",54.66,367,NA,"natural",NA,NA
"Upper Battle Creek",NA,2008-03-22,"20:06:00",306,46,"BAT190",1,"night",53.55,391,NA,"hatchery",NA,NA
"Upper Battle Creek",NA,2008-03-25,"20:30:00",304,47,"BAT191",0,"night",55.22,435,NA,"hatchery",NA,NA
"Upper Battle Creek",NA,2008-03-25,"20:30:00",148,35,"BAT192",0,"night",55.22,435,NA,"natural",NA,NA
"Upper Battle Creek",NA,2008-03-29,"19:50:00",302,52,"BAT193",1,"night",52.99,407,NA,"hatchery",NA,NA
"Upper Battle Creek",NA,2008-04-01,"19:52:00",300,51,"BAT194",1,"night",53.55,363,NA,"hatchery",NA,NA
"Upper Battle Creek",NA,2008-04-05,"19:00:00",307,52,"BAT195",1,"night",54.38,359,NA,"hatchery",NA,NA
"Upper Battle Creek",NA,2008-04-08,"20:05:00",309,53,"BAT196",1,"night",53.82,379,NA,"hatchery",NA,NA
"Upper Battle Creek",NA,2008-12-28,"17:00:00",506,36,"BAT197",1,"night",46.391,259,2.33,"hatchery",NA,NA
"Upper Battle Creek",NA,2009-01-03,"16:45:00",508,38,"BAT198",1,"night",44.2634,280,2.85,"hatchery",NA,NA
"Upper Battle Creek",NA,2009-01-06,"17:15:00",504,36,"BAT199",1,"night",47.6474,262,2.23,"hatchery",NA,NA
"Upper Battle Creek",NA,2009-01-10,"17:01:00",503,36,"BAT200",1,"night",46.481,252,1.86,"hatchery",NA,NA
"Upper Battle Creek",NA,2009-01-13,"17:10:00",503,36,"BAT201",1,"night",49.4708,227,2.69,"hatchery",NA,NA
"Upper Battle Creek",NA,2009-01-17,"19:15:00",502,37,"BAT202",1,"night",47.9138,262,4.1,"hatchery",NA,NA
"Upper Battle Creek",NA,2009-01-20,"17:30:00",510,36,"BAT203",1,"night",48.4052,230,2.25,"hatchery",NA,NA
"Upper Battle Creek",NA,2009-01-24,"17:30:00",472,47,"BAT204",1,"night",51.3698,823,36.4,"hatchery",NA,NA
"Upper Battle Creek",NA,2009-01-24,"17:30:00",512,37,"BAT205",1,"night",51.3698,823,36.4,"natural",NA,NA
"Upper Battle Creek",NA,2009-01-24,"17:30:00",510,37,"BAT206",1,"night",51.3698,823,36.4,"hatchery",NA,NA
"Upper Battle Creek",NA,2009-01-27,"17:45:00",507,37,"BAT207",1,"night",44.8088,336,3.1,"natural",NA,NA
"Upper Battle Creek",NA,2009-01-27,"17:45:00",489,39,"BAT208",1,"night",44.8088,336,3.1,"hatchery",NA,NA
"Upper Battle Creek",NA,2009-01-31,"17:33:00",418,37,"BAT209",1,"night",49.2494,295,2.53,"natural",NA,NA
"Upper Battle Creek",NA,2009-01-31,"17:33:00",495,49,"BAT210",1,"night",49.2494,295,2.53,"hatchery",NA,NA
"Upper Battle Creek",NA,2009-01-31,"17:33:00",482,37,"BAT211",1,"night",49.2494,295,2.53,"hatchery",NA,NA
"Upper Battle Creek",NA,2009-02-03,"18:45:00",514,36,"BAT212",1,"night",49.8254,255,2.8,"natural",NA,NA
"Upper Battle Creek",NA,2009-02-03,"18:45:00",508,47,"BAT213",1,"night",49.8254,255,2.8,"hatchery",NA,NA
"Upper Battle Creek",NA,2009-02-03,"18:45:00",505,38,"BAT214",1,"night",49.8254,255,2.8,"hatchery",NA,NA
"Upper Battle Creek",NA,2009-02-07,"22:16:00",503,37,"BAT215",1,"night",49.43,309,3.07,"natural",NA,NA
"Upper Battle Creek",NA,2009-02-07,"22:16:00",511,49,"BAT216",1,"night",49.43,309,3.07,"hatchery",NA,NA
"Upper Battle Creek",NA,2009-02-07,"22:16:00",505,39,"BAT217",1,"night",49.43,309,3.07,"hatchery",NA,NA
"Upper Battle Creek",NA,2009-02-10,"18:15:00",528,50,"BAT218",1,"night",44.9456,284,3.38,"hatchery",NA,NA
"Upper Battle Creek",NA,2009-02-10,"18:15:00",555,40,"BAT219",1,"night",44.9456,284,3.38,"hatchery",NA,NA
"Upper Battle Creek",NA,2009-02-10,"18:15:00",512,37,"BAT220",1,"night",44.9456,284,3.38,"natural",NA,NA
"Upper Battle Creek",NA,2009-02-18,"17:48:00",500,50,"BAT221",0,"night",48.72,556,7.49,"hatchery",NA,NA
"Upper Battle Creek",NA,2009-02-18,"17:48:00",501,39,"BAT222",0,"night",48.72,556,7.49,"hatchery",NA,NA
"Upper Battle Creek",NA,2009-02-19,"18:30:00",502,36,"BAT223",0,"night",49.3826,411,4.52,"natural",NA,NA
"Upper Battle Creek",NA,2009-02-25,"18:45:00",510,38,"BAT224",0,"night",48.6716,709,7.63,"hatchery",NA,NA
"Upper Battle Creek",NA,2009-02-25,"18:45:00",483,53,"BAT225",0,"night",48.6716,709,7.63,"hatchery",NA,NA
"Upper Battle Creek",NA,2009-02-25,"18:45:00",325,37,"BAT226",0,"night",48.6716,709,7.63,"natural",NA,NA
"Upper Battle Creek",NA,2009-03-07,"18:50:00",495,41,"BAT227",1,"night",48.983,625,5.27,"hatchery",NA,NA
"Upper Battle Creek",NA,2009-03-07,"18:50:00",523,55,"BAT228",1,"night",48.983,625,5.27,"hatchery",NA,NA
"Upper Battle Creek",NA,2009-03-10,"19:11:00",493,60,"BAT229",1,"night",47.6024,510,4.09,"hatchery",NA,NA
"Upper Battle Creek",NA,2009-03-10,"19:11:00",236,37,"BAT230",1,"night",47.6024,510,4.09,"natural",NA,NA
"Upper Battle Creek",NA,2009-03-10,"19:11:00",505,39,"BAT231",1,"night",47.6024,510,4.09,"hatchery",NA,NA
"Upper Battle Creek",NA,2009-03-14,"19:10:00",493,60,"BAT232",1,"night",50.7092,456,2.99,"hatchery",NA,NA
"Upper Battle Creek",NA,2009-03-14,"19:10:00",509,40,"BAT233",1,"night",50.7092,456,2.99,"hatchery",NA,NA
"Upper Battle Creek",NA,2009-03-17,"19:37:00",513,42,"BAT234",1,"night",53.8196,481,2.72,"hatchery",NA,NA
"Upper Battle Creek",NA,2009-03-17,"19:37:00",512,61,"BAT235",1,"night",53.8196,481,2.72,"hatchery",NA,NA
"Upper Battle Creek",NA,2009-03-17,"19:37:00",197,37,"BAT236",1,"night",53.8196,481,2.72,"natural",NA,NA
"Upper Battle Creek",NA,2009-03-21,"19:40:00",496,45,"BAT237",1,"night",52.115,456,2.25,"hatchery",NA,NA
"Upper Battle Creek",NA,2009-03-21,"19:40:00",124,37,"BAT238",1,"night",52.115,456,2.25,"natural",NA,NA
"Upper Battle Creek",NA,2009-03-21,"19:40:00",493,64,"BAT239",1,"night",52.115,456,2.25,"hatchery",NA,NA
"Upper Battle Creek",NA,2009-03-24,"19:32:00",507,46,"BAT240",1,"night",52.3346,407,2.07,"hatchery",NA,NA
"Upper Battle Creek",NA,2009-03-24,"19:32:00",501,64,"BAT241",1,"night",52.3346,407,2.07,"hatchery",NA,NA
"Upper Battle Creek",NA,2009-03-28,"20:45:00",505,48,"BAT242",1,"night",56.3396,435,2.23,"hatchery",NA,NA
"Upper Battle Creek",NA,2009-03-28,"20:45:00",504,68,"BAT243",1,"night",56.3396,435,2.23,"hatchery",NA,NA
"Upper Battle Creek",NA,2009-03-31,"20:12:00",501,65,"BAT244",1,"night",54.2552,423,2.05,"hatchery",NA,NA
"Upper Battle Creek",NA,2009-03-31,"20:12:00",499,50,"BAT245",1,"night",54.2552,423,2.05,"hatchery",NA,NA
"Upper Battle Creek",NA,2009-04-04,"19:45:00",504,53,"BAT246",1,"night",52.8602,391,2.12,"hatchery",NA,NA
"Upper Battle Creek",NA,2009-04-04,"19:45:00",526,67,"BAT247",1,"night",52.8602,391,2.12,"hatchery",NA,NA
"Upper Battle Creek",NA,2009-04-07,"19:54:00",495,55,"BAT248",1,"night",53.65,399,2.27,"hatchery",NA,NA
"Upper Battle Creek",NA,2009-04-07,"19:54:00",500,74,"BAT249",1,"night",53.65,399,2.27,"hatchery",NA,NA
"Upper Battle Creek",NA,2010-01-05,"17:00:00",506,38,"BAT250",1,"night",48.94,241,1.67,"hatchery",NA,NA
"Upper Battle Creek",NA,2010-01-05,"17:00:00",504,38,"BAT251",1,"night",48.94,241,1.67,"hatchery",NA,NA
"Upper Battle Creek",NA,2010-01-05,"17:00:00",501,38,"BAT252",1,"night",48.94,241,1.67,"hatchery",NA,NA
"Upper Battle Creek",NA,2010-01-12,"17:10:00",516,37,"BAT253",1,"night",50.71,472,NA,"natural",NA,NA
"Upper Battle Creek",NA,2010-01-23,"17:20:00",505,37,"BAT254",0,"night",45.94,514,5.25,"natural",NA,NA
"Upper Battle Creek",NA,2010-02-02,"18:25:00",488,37,"BAT255",1,"night",48.09,552,13.3,"natural",NA,NA
"Upper Battle Creek",NA,2010-02-02,"18:25:00",520,37,"BAT256",1,"night",48.09,552,13.3,"natural",NA,NA
"Upper Battle Creek",NA,2010-02-09,"18:45:00",422,37,"BAT257",0,"night",50.05,779,8.1,"natural",NA,NA
"Upper Battle Creek",NA,2010-02-09,"18:45:00",424,37,"BAT258",0,"night",50.05,779,8.1,"natural",NA,NA
"Upper Battle Creek",NA,2010-02-14,"18:15:00",512,37,"BAT259",1,"night",50.36,448,3.29,"natural",NA,NA
"Upper Battle Creek",NA,2010-02-14,"18:15:00",500,37,"BAT260",1,"night",50.36,448,3.29,"natural",NA,NA
"Upper Battle Creek",NA,2010-02-22,"18:20:00",497,36,"BAT261",0,"night",48.63,452,5.16,"natural",NA,NA
"Upper Battle Creek",NA,2010-02-22,"18:20:00",389,36,"BAT262",0,"night",48.63,452,5.16,"natural",NA,NA
"Upper Battle Creek",NA,2010-02-22,"18:20:00",508,36,"BAT263",0,"night",48.63,452,5.16,"natural",NA,NA
"Upper Battle Creek",NA,2011-01-12,"19:15:00",518,37,"BAT264",1,"night",47.02,440,2.57,"hatchery",NA,NA
"Upper Battle Creek",NA,2011-01-12,"19:20:00",500,37,"BAT265",1,"night",47.02,440,2.57,"hatchery",NA,NA
"Upper Battle Creek",NA,2011-01-19,"18:40:00",248,37,"BAT266",1,"night",47.6,548,4.1,"natural",NA,NA
"Upper Battle Creek",NA,2011-01-19,"18:32:00",498,38,"BAT267",1,"night",47.6,548,4.1,"hatchery",NA,NA
"Upper Battle Creek",NA,2011-01-22,"18:22:00",281,35,"BAT268",1,"night",49.43,427,2.59,"natural",NA,NA
"Upper Battle Creek",NA,2011-01-22,"18:22:00",269,36,"BAT269",1,"night",49.43,427,2.59,"natural",NA,NA
"Upper Battle Creek",NA,2011-01-26,"18:55:00",507,38,"BAT270",1,"night",49.25,399,2.79,"hatchery",NA,NA
"Upper Battle Creek",NA,2011-01-26,"18:50:00",498,37,"BAT271",1,"night",49.25,407,2.79,"natural",NA,NA
"Upper Battle Creek",NA,2011-01-29,"17:50:00",504,37,"BAT272",1,"night",46.75,395,1.94,"natural",NA,NA
"Upper Battle Creek",NA,2011-01-29,"17:55:00",506,37,"BAT273",1,"night",46.75,403,1.94,"natural",NA,NA
"Upper Battle Creek",NA,2011-02-02,"18:43:00",499,38,"BAT274",1,"night",46.17,367,3.44,"hatchery",NA,NA
"Upper Battle Creek",NA,2011-02-02,"18:48:00",501,37,"BAT275",1,"night",46.17,367,3.44,"natural",NA,NA
"Upper Battle Creek",NA,2011-02-05,"18:15:00",501,40,"BAT276",1,"night",50.97,395,2.44,"hatchery",NA,NA
"Upper Battle Creek",NA,2011-02-05,"18:15:00",494,37,"BAT277",1,"night",50.97,395,2.44,"natural",NA,NA
"Upper Battle Creek",NA,2011-02-19,"18:45:00",504,37,"BAT278",1,"night",45.99,709,10.4,"natural",NA,NA
"Upper Battle Creek",NA,2011-02-19,"18:50:00",483,39,"BAT279",1,"night",45.99,709,10.4,"hatchery",NA,NA
"Upper Battle Creek",NA,2011-02-26,"19:05:00",553,38,"BAT280",1,"night",45.81,647,6.98,"hatchery",NA,NA
"Upper Battle Creek",NA,2011-02-26,"19:10:00",570,37,"BAT281",1,"night",45.81,647,6.98,"natural",NA,NA
"Upper Battle Creek",NA,2011-03-05,"19:05:00",487,43,"BAT282",1,"night",50.49,460,3.75,"hatchery",NA,NA
"Upper Battle Creek",NA,2011-03-05,"19:10:00",508,36,"BAT283",1,"night",50.49,464,3.75,"natural",NA,NA
"Upper Battle Creek",NA,2012-01-13,"19:35:00",207,36,"BAT284",1,"night",46.21,224,2.44,"natural",NA,NA
"Upper Battle Creek",NA,2012-01-13,"19:49:00",206,35,"BAT285",1,"night",46.21,232,2.44,"natural",NA,NA
"Upper Battle Creek",NA,2012-01-13,"19:42:00",212,36,"BAT286",1,"night",46.21,232,2.44,"natural",NA,NA
"Upper Battle Creek",NA,2012-01-20,"05:54:00",195,36,"BAT287",1,"day",45.31,335,8.91,"natural",NA,NA
"Upper Battle Creek",NA,2012-01-20,"05:59:00",188,36,"BAT288",1,"day",45.31,335,8.91,"natural",NA,NA
"Upper Battle Creek",NA,2012-01-25,"17:53:00",200,36,"BAT289",0,"night",50.05,445,7.51,"natural",NA,NA
"Upper Battle Creek",NA,2012-01-25,"18:04:00",198,36,"BAT290",0,"night",50.05,445,7.51,"natural",NA,NA
"Upper Battle Creek",NA,2012-01-25,"17:59:00",209,35,"BAT291",0,"night",50.05,445,7.51,"natural",NA,NA
"Upper Battle Creek",NA,2012-01-28,"20:30:00",305,35,"BAT292",1,"night",45.85,356,2.88,"natural",NA,NA
"Upper Battle Creek",NA,2012-01-28,"20:35:00",305,35,"BAT293",1,"night",45.85,356,2.88,"natural",NA,NA
"Upper Battle Creek",NA,2012-02-01,"17:21:00",311,36,"BAT294",1,"night",50.75,322,2.61,"natural",NA,NA
"Upper Battle Creek",NA,2012-02-01,"17:31:00",312,36,"BAT295",1,"night",50.75,322,2.61,"natural",NA,NA
"Upper Battle Creek",NA,2012-02-04,"20:06:00",305,36,"BAT296",1,"night",47.29,288,2.6,"natural",NA,NA
"Upper Battle Creek",NA,2012-02-04,"20:11:00",301,37,"BAT297",1,"night",47.29,284,2.6,"natural",NA,NA
"Upper Battle Creek",NA,2012-02-09,"19:30:00",314,37,"BAT298",1,"night",51.94,288,3.05,"natural",NA,NA
"Upper Battle Creek",NA,2012-02-09,"19:35:00",341,37,"BAT299",1,"night",51.94,288,3.05,"natural",NA,NA
"Upper Battle Creek",NA,2012-02-15,"18:00:00",305,36,"BAT300",1,"night",48.09,330,2.35,"natural",NA,NA
"Upper Battle Creek",NA,2012-02-15,"18:05:00",302,37,"BAT301",1,"night",48.09,330,2.35,"natural",NA,NA
"Upper Battle Creek",NA,2012-02-22,"19:22:00",299,37,"BAT302",1,"night",53.3,301,2.46,"natural",NA,NA
"Upper Battle Creek",NA,2012-02-22,"19:28:00",303,36,"BAT303",1,"night",53.3,309,2.46,"natural",NA,NA
"Upper Battle Creek",NA,2012-02-29,"20:04:00",306,36,"BAT304",1,"night",47.33,317,2.86,"natural",NA,NA
"Upper Battle Creek",NA,2012-02-29,"20:09:00",314,35,"BAT305",1,"night",47.33,322,2.86,"natural",NA,NA
"Upper Battle Creek",NA,2012-03-07,"20:57:00",299,35,"BAT306",1,"night",48.85,288,1.58,"natural",NA,NA
"Upper Battle Creek",NA,2012-03-07,"21:03:00",291,35,"BAT307",1,"night",48.85,288,1.58,"natural",NA,NA
"Upper Battle Creek",NA,2012-03-21,"19:58:00",281,36,"BAT308",1,"night",50.14,506,3.51,"natural",NA,NA
"Upper Battle Creek",NA,2012-03-21,"20:03:00",215,37,"BAT309",1,"night",50.14,506,3.51,"natural",NA,NA
"Upper Battle Creek",NA,2013-01-23,"18:35:00",212,36,"BAT310",1,"night",48.14,513,3.05,"natural",NA,NA
"Upper Battle Creek",NA,2013-01-23,"18:30:00",194,35,"BAT311",1,"night",48.14,513,3.05,"natural",NA,NA
"Upper Battle Creek",NA,2013-01-30,"19:15:00",160,36,"BAT312",1,"night",48.76,530,2.82,"natural",NA,NA
"Upper Battle Creek",NA,2013-01-30,"19:20:00",213,36,"BAT313",1,"night",48.76,530,2.82,"natural",NA,NA
"Upper Battle Creek",NA,2013-02-06,"18:35:00",251,37,"BAT314",1,"night",47.65,495,2.82,"natural",NA,NA
"Upper Battle Creek",NA,2013-02-06,"18:40:00",258,36,"BAT315",1,"night",47.65,495,2.82,"natural",NA,NA
"Upper Battle Creek",NA,2013-02-14,"19:10:00",186,37,"BAT316",1,"night",50.22,379,3.02,"natural",NA,NA
"Upper Battle Creek",NA,2013-02-14,"19:05:00",202,37,"BAT317",1,"night",50.22,379,3.02,"natural",NA,NA
"Upper Battle Creek",NA,2013-02-21,"18:06:00",175,37,"BAT318",1,"night",48,369,3.1,"natural",NA,NA
"Upper Battle Creek",NA,2013-02-21,"18:11:00",176,36,"BAT319",1,"night",48,363,3.1,"natural",NA,NA
"Upper Battle Creek",NA,2013-02-28,"17:55:00",179,37,"BAT320",1,"night",52.16,322,3.21,"natural",NA,NA
"Upper Battle Creek",NA,2013-02-28,"18:00:00",166,37,"BAT321",1,"night",52.16,322,3.21,"natural",NA,NA
"Upper Battle Creek",NA,2014-02-04,"19:05:00",492,36,"BAT322",1,"night",45.17,202,NA,"natural",NA,NA
"Upper Battle Creek",NA,2014-02-04,"19:05:00",488,38,"BAT323",1,"night",45.17,202,NA,"natural",NA,NA
"Upper Battle Creek",NA,2014-02-20,"18:00:00",283,37,"BAT324",1,"night",51.5,234,3.98,"natural",NA,NA
"Upper Battle Creek",NA,2014-02-20,"18:05:00",253,37,"BAT325",1,"night",51.5,234,3.98,"natural",NA,NA
"Upper Battle Creek",NA,2015-12-15,"18:05:00",134,33,"BAT326",1,"night",45.08,313,4.19,"natural",NA,NA
"Upper Battle Creek",NA,2016-01-15,"16:20:00",271,34,"BAT327",0,"night",47.69,635,9.93,"natural",NA,NA
"Upper Battle Creek",NA,2016-03-15,"18:50:00",996,45,"BAT328",1,"night",51.59,1160,11.9,"hatchery",NA,NA
"Upper Battle Creek",NA,2016-12-27,"18:00:00",475,37,"BAT329",1,"night",44.45,643,4.06,"hatchery",NA,NA
"Upper Battle Creek",NA,2016-12-31,"17:36:00",506,38,"BAT330",1,"night",46.21,555,3.74,"hatchery",NA,NA
"Upper Battle Creek",NA,2017-01-27,"17:22:00",523,39,"BAT331",1,"night",45.9,813,6.21,"hatchery",NA,NA
"Upper Battle Creek",NA,2017-01-31,"17:45:00",554,40,"BAT332",1,"night",47.51,639,7,"hatchery",NA,NA
"Upper Battle Creek",NA,2018-01-16,"18:05:00",333,37,"BAT333",0,"night",50.5,393,3.79,"hatchery",NA,NA
"Upper Battle Creek",NA,2018-02-01,"18:22:00",411,37,"BAT334",2,"night",58.7,433,3.07,"hatchery",NA,NA
"Upper Battle Creek",NA,2018-02-14,"18:40:00",299,35,"BAT335",1,"night",45,388,2,"hatchery",NA,NA
"Upper Battle Creek",NA,2018-03-14,"12:35:00",402,70,"BAT336",2,"night",38.7,1173,11.6,NA,NA,NA
"Upper Battle Creek",NA,2018-04-05,"09:18:00",499,78,"BAT337",1,"unknown",62.3,577,2.68,NA,NA,NA
"Upper Battle Creek",NA,2019-01-02,"12:21:00",224,35,"BAT338",0,"night",45.9,295,2.54,"natural",NA,NA
"Upper Battle Creek",NA,2019-02-05,"17:58:00",300,38,"BAT339",NA,"night",37.7,714,8.14,"natural",NA,NA
"Upper Battle Creek",NA,2019-03-26,"11:45:00",299,NA,"BAT340",NA,"night",NA,1176,NA,NA,NA,NA
"Upper Battle Creek",NA,2020-01-27,"17:33:00",208,40,"BAT341",1,"night",NA,806,6.2,NA,NA,NA
"Upper Battle Creek",NA,2020-02-06,"19:23:00",906,38,"BAT342",1,"night",NA,325,2.16,NA,NA,NA
"Upper Battle Creek",NA,2020-02-19,"19:16:00",1143,39,"BAT343",1,"night",NA,306,2.27,NA,NA,NA
"Upper Battle Creek",NA,2020-11-06,"17:03:00",332,40,"BAT344",1,"night",NA,257,1.98,NA,NA,NA
"Upper Battle Creek",NA,2020-11-13,"17:05:00",336,41,"BAT345",1,"night",NA,260,1.61,NA,NA,NA
"Upper Battle Creek",NA,2020-12-19,"17:10:00",295,44,"BAT346",1,"night",NA,238,1.57,NA,NA,NA
"Upper Battle Creek",NA,2021-02-02,"19:46:00",404,40,"BAT347",1,"night",NA,609,20.4,"hatchery",NA,NA
"Upper Battle Creek",NA,2021-02-09,"17:44:00",298,40,"BAT348",1,"night",NA,258,1.8,"hatchery",NA,NA
"Upper Battle Creek",NA,2021-03-02,"20:33:00",320,54,"BAT349",1,"night",NA,232,2.2,"hatchery",NA,NA
"Upper Battle Creek",NA,2021-03-08,"14:29:00",449,88,"BAT350",1,"night",NA,NA,2.3,NA,NA,NA
