sample_row_id,station_code,sample_date,sample_time,sample_id,user_name,user_name2,depth_adjust,avg_time_per_rev,flow_start_meter,flow_end_meter,flow_set_time,river_left_depth,river_center_depth,river_right_depth,gear_condition_code,thalweg,cone,start_counter,counter,debris_tubs,velocity,turbidity,lunar_phase,trap_fishing,partial_sample,num_released,baileys_eff,report_baileys_eff,sub_week,trap_start_date,trap_start_time,trap_comments,weather,habitat,trap_sample_type,diel,debris_type
NA,UBC,2022-11-25,07:57:00,329_22,KB,RS,27,43,727000,735481,428,3.4000001,3.2,3,N,Y,1,0,3347,3,1.733849299065421,3.5799999,NA,1,0,NA,NA,NA,NA,2022-12-18,10:34:00,Trap pulled due to lack of staff,overcast,run,non-intensive,day,"Aquatic Vegetation, Leaves, and Sticks"
NA,,2022-12-08,08:00:00,,,,NA,NA,NA,NA,NA,NA,NA,NA,,,NA,0,NA,NA,NA,NA,NA,1,0,NA,NA,NA,NA,NA,NA,,NA,NA,NA,NA,NA
NA,UBC,2022-12-27,08:00:00,,,,NA,NA,NA,NA,NA,NA,NA,NA,,,NA,0,NA,NA,NA,NA,NA,0,0,NA,NA,NA,NA,NA,NA,,NA,NA,NA,NA,NA
NA,LCC,2022-11-26,NA,330_22,,,NA,NA,NA,NA,NA,NA,NA,NA,,,NA,0,NA,NA,NA,NA,NA,0,0,NA,NA,NA,NA,NA,NA,,NA,NA,NA,NA,NA
NA,LCC,2022-11-27,NA,331_22,,,NA,NA,NA,NA,NA,NA,NA,NA,,,NA,0,NA,NA,NA,NA,NA,0,0,NA,NA,NA,NA,NA,NA,,NA,NA,NA,NA,NA
NA,UBC,2022-12-09,07:49:00,343_22,CS,KB,29,36,801000,809615,300,4.8000002,4.8000002,4.8000002,N,Y,1,0,0,7.5,2.512708333333333,14.6,NA,1,0,NA,NA,NA,NA,2022-12-08,13:39:00,Counter not installed Flow bomb cord not on trap. Attached to eye bolt on cross beem instead- Trap pulled,overcast,run,non-intensive,day,"Aquatic Vegetation, Leaves, and Sticks"
NA,UBC,2022-12-13,08:16:00,347_22,RS,KB,29,40,818000,826057,330,4.3000002,4.4000001,4.4000001,N,Y,1,0,0,1.2,2.136325757575757,5.8800001,NA,1,0,NA,NA,NA,NA,2022-12-12,10:27:00,"Counter not installed on trap, counter was installed at clear time",sunny,run,non-intensive,day,"Aquatic Vegetation, Leaves, and Sticks"
NA,UBC,2022-12-14,13:58:00,348_22,TU,NW,28,42,826000,832943,300,4,4.4000001,4.3000002,N,Y,1,0,375,0.5,2.025041666666667,3.8399999,NA,1,1,NA,NA,NA,NA,2022-12-13,08:16:00,Trap pulled to install new magnet and magnetic counter. Reset with counter at 15:15 Counter rotations seem low even for partial sample repositioned magnet sensor,sunny,run,non-intensive,day,"Aquatic Vegetation, Leaves, and Sticks"
NA,UBC,2022-12-15,10:50:00,349_22,RJB,JK,28,55,833000,839839,300,NA,NA,NA,N,Y,1,0,4470,0.30000001,1.994708333333333,5.5799999,NA,1,0,NA,NA,NA,NA,2022-12-14,13:58:00,,sunny,run,non-intensive,day,"Aquatic Vegetation, Leaves, and Sticks"
NA,UBC,2022-12-16,12:57:00,350_22,SP,TU,28,58,839000,844965,300,3.9000001,4,4.0999999,N,Y,1,0,5298,0.5,1.739791666666667,2.9300001,NA,1,0,NA,NA,NA,NA,2022-12-15,10:50:00,,sunny,run,non-intensive,day,"Aquatic Vegetation, Leaves, and Sticks"
NA,UBC,2022-12-18,08:33:00,352_22,CL,MES,28,59,851000,856776,300,3.9000001,4.0999999,4.0999999,N,Y,1,0,3954,0.1,1.684666666666667,3.3800001,NA,1,0,NA,NA,NA,NA,2022-12-17,09:48:00,,sunny,run,non-intensive,day,"Aquatic Vegetation, Leaves, and Sticks"
NA,UBC,2022-12-19,14:09:00,353_22,JW,CH,29,51,857000,865952,420,3.8,4,4.0999999,N,Y,1,0,5202,0.30000001,1.865,4.54,NA,1,0,NA,NA,NA,NA,2022-12-18,08:33:00,,overcast,run,non-intensive,day,"Aquatic Vegetation, Leaves, and Sticks"
NA,UBC,2022-12-20,08:38:00,354_22,LC,CH,28,82,866000,876957,600,3.9000001,4,4,N,Y,1,0,3036,0.1,1.597895833333333,3.02,NA,1,0,NA,NA,NA,NA,2022-12-19,14:09:00,,overcast,run,non-intensive,day,"Aquatic Vegetation, Leaves, and Sticks"
NA,LCC,2022-12-07,12:07:00,341_22,GM,CH,28,47,672000,678851,325,3.5999999,3.7,3.5999999,N,Y,0.5,0,6012,0.40000001,1.8445,1.75,NA,1,0,NA,NA,NA,NA,2022-12-06,10:30:00,,sunny,run,non-intensive,day,"Aquatic Vegetation, Leaves, and Sticks"
NA,UCC,2022-12-08,08:13:00,342_22,NW,CL,28,22,679000,691016,320,3.2,3.7,3.2,N,Y,0.5,0,11777,0.5,3.285625,3.3,NA,1,0,NA,NA,NA,NA,2022-12-07,08:53:00,,overcast,run,non-intensive,day,"Aquatic Vegetation, Leaves, and Sticks"
NA,LCC,2022-12-08,09:31:00,342_22,NW,CL,28,48,691000,704888,630,3.5999999,3.7,3.5,N,Y,0.5,0,4962,0.2,1.928888888888889,2.1900001,NA,1,0,NA,NA,NA,NA,2022-12-07,12:07:00,,overcast,run,non-intensive,day,"Aquatic Vegetation, Leaves, and Sticks"
NA,LCC,2022-12-09,14:03:00,343_22,KB,CS,28,43,726000,732727,300,3.8,3.8,3.8,N,Y,0.5,0,7222,1.5,1.962041666666666,2.54,NA,1,0,NA,NA,NA,NA,2022-12-08,09:31:00,,overcast,run,non-intensive,day,"Aquatic Vegetation, Leaves, and Sticks"
NA,UCC,2022-12-12,10:02:00,346_22,CMS,JW,28,20,747000,770524,624,3.5999999,3.9000001,4,N,Y,0.5,0,11515,1,3.29863782051282,1.86,NA,1,0,NA,NA,NA,NA,2022-12-11,11:08:00,,sunny,run,non-intensive,day,"Aquatic Vegetation, Leaves, and Sticks"
NA,UCC,2022-11-20,08:25:00,324_22,MES,GM,29,22,268000,286137,510,3.5999999,3.9000001,3.7,N,Y,0.5,0,9324,2,3.111740196078431,2.1700001,NA,1,0,NA,NA,NA,NA,2022-11-19,12:54:00,,overcast,run,non-intensive,day,Leaves
NA,UBC,2022-10-01,08:24:00,274_22,JK,GA,28,64,213000,224037,607,3.4000001,3.3,2.9000001,N,Y,1,0,4937,1.5,1.591000823723229,2.5899999,NA,1,0,NA,NA,NA,NA,2022-09-30,07:44:00,,sunny,run,non-intensive,day,"Aquatic Vegetation, Leaves, and Sticks"
NA,UBC,2022-10-19,08:05:00,292_22,MES,SV,28,59,352000,358584,396,3.3,3.0999999,2.8,N,Y,1,0,4048,0.60000002,1.45479797979798,2.9100001,NA,1,0,NA,NA,NA,NA,2022-10-18,08:29:00,,sunny,run,non-intensive,day,"Aquatic Vegetation, Leaves, and Sticks"
NA,UBC,2022-10-09,08:28:00,282_22,GB,GA,28,58,279000,285866,330,3.0999999,3.2,3,N,Y,1,0,4241,1,1.820530303030303,3.47,NA,1,0,NA,NA,NA,NA,2022-10-08,08:01:00,,sunny,run,non-intensive,day,"Aquatic Vegetation, Leaves, and Sticks"
NA,UBC,2022-11-13,08:53:00,317_22,JK,GA,28,53,589000,594894,300,3.4000001,3.2,3,N,Y,1,0,5706,1,1.719083333333333,3.28,NA,1,0,NA,NA,NA,NA,2022-11-12,08:04:00,,sunny,run,non-intensive,day,"Aquatic Vegetation, Leaves, and Sticks"
NA,UBC,2022-11-18,10:30:00,322_22,MES,SV,28,44,646000,658908,683,3.5,3.3,3.0999999,NR,Y,1,0,4879,16.799999,1.653660322108345,NA,NA,1,0,NA,NA,NA,NA,2022-11-17,11:36:00,"Cone had stopped, and environmentals were not taken until enough leaves were removed, that the cone started spinning, again.",sunny,run,non-intensive,day,"Aquatic Vegetation, Leaves, and Sticks"
NA,UBC,2022-11-14,10:50:00,318_22,MES,GB,28,51,595000,609175,780,3.3,3.4000001,3,N,Y,1,0,6036,3.5,1.590144230769231,2.45,NA,1,0,NA,NA,NA,NA,2022-11-13,08:53:00,,sunny,run,non-intensive,day,"Aquatic Vegetation, Leaves, and Sticks"
NA,LCC,2022-11-19,13:54:00,323_22,SP,JK,28,51,231000,268933,1800,3.5,3.7,3.5,N,Y,0.5,0,5376,12,1.843965277777778,4.3000002,NA,1,0,NA,NA,NA,NA,2022-11-18,10:01:00,,sunny,run,non-intensive,day,"Aquatic Vegetation, Leaves, and Sticks"
NA,UBC,2022-10-08,08:01:00,281_22,RS,GA,27,73,270000,278606,480,3.2,3.2,2.9000001,N,Y,1,0,2497,0.69999999,1.567708333333333,3.95,NA,1,0,NA,NA,NA,NA,2022-10-07,08:03:00,,sunny,run,non-intensive,day,"Aquatic Vegetation, Leaves, and Sticks"
NA,UBC,2022-11-07,09:24:00,311_22,MES,NW,29,393,515000,529373,840,3.2,3.4000001,3.2,N,Y,1,0,3106,15,1.4971875,5.0300002,NA,1,0,NA,NA,NA,NA,2022-11-06,07:48:00,,sunny,run,non-intensive,day,"Aquatic Vegetation, Leaves, and Sticks"
NA,UBC,2022-10-16,07:45:00,289_22,JK,GA,28,56,330000,335544,320,3.2,3.3,3,N,Y,1,0,3012,0.75,1.5159375,3.99,NA,1,0,NA,NA,NA,NA,2022-10-15,07:43:00,,sunny,run,non-intensive,day,"Aquatic Vegetation, Leaves, and Sticks"
NA,UBC,2022-10-14,09:15:00,287_22,JK,RR,28,59,312000,317641,350,3.0999999,3.0999999,2.8,N,Y,1,0,3410,0.75,1.41025,3.3099999,NA,1,0,NA,NA,NA,NA,2022-10-13,09:03:00,,sunny,run,non-intensive,day,"Aquatic Vegetation, Leaves, and Sticks"
NA,UBC,2022-10-22,09:00:00,295_22,JK,GA,28,73,372000,381147,601,3.2,3.2,3,N,Y,1,0,3978,3,1.331717970049917,2.5,NA,1,0,NA,NA,NA,NA,2022-10-21,08:58:00,"No idea why velocity is low, start and end flow bomb numbers are correct and time was 10 min, 1 sec.",sunny,run,non-intensive,day,"Aquatic Vegetation, Leaves, and Sticks"
NA,UBC,2022-10-03,08:17:00,276_22,RS,CMS,27,57,240000,245532,300,3.3,3.0999999,2.9000001,N,Y,1,0,4991,1,1.6135,2.21,NA,1,0,NA,NA,NA,NA,2022-10-02,08:00:00,,sunny,run,non-intensive,day,"Aquatic Vegetation, Leaves, and Sticks"
NA,UBC,2022-11-16,11:36:00,320_22,GB,SV,28,55,615000,621180,480,3.5,3.4000001,3.2,N,Y,1,0,6005,6.75,1.1265625,3.3900001,NA,1,0,NA,NA,NA,NA,2022-11-15,07:48:00,,sunny,run,non-intensive,day,"Aquatic Vegetation, Leaves, and Sticks"
NA,UBC,2022-10-30,08:25:00,303_22,JK,GA,28,65,443000,454636,720,3.0999999,3.2,2.9000001,N,Y,1,0,3600,1,1.414097222222222,1.77,NA,1,0,NA,NA,NA,NA,2022-10-29,08:35:00,,sunny,run,non-intensive,day,"Aquatic Vegetation, Leaves, and Sticks"
NA,UBC,2022-11-02,08:49:00,306_22,GB,GA,28,74,475000,481767,630,3.2,3.4000001,3.0999999,N,Y,1,0,3613,7.0999999,0.9398611111111109,4.3800001,NA,1,0,NA,NA,NA,NA,2022-11-01,08:12:00,"Leaves will starting to fill the cod end of the cone, slowing the cone down.",overcast,run,non-intensive,day,"Aquatic Vegetation, Leaves, and Sticks"
NA,UBC,2022-10-24,10:00:00,297_22,GB,JK,28,59,394000,406172,750,3.2,3,3,N,Y,1,0,3627,3.5,1.420066666666667,2.1199999,NA,1,0,NA,NA,NA,NA,2022-10-23,08:47:00,,sunny,run,non-intensive,day,"Aquatic Vegetation, Leaves, and Sticks"
NA,UBC,2022-11-21,07:58:00,325_22,KB,GB,28,45,700000,709829,480,3.4000001,3.2,3,N,Y,1,0,4560,5,1.791744791666666,4.1500001,NA,1,0,NA,NA,NA,NA,2022-11-20,11:15:00,No Fish,partly cloudy,run,non-intensive,day,"Aquatic Vegetation, Leaves, and Sticks"
NA,UBC,2022-10-23,08:47:00,296_22,JK,GA,28,61,381000,394162,780,3.0999999,3.2,3,N,Y,1,0,3908,5.0999999,1.47650641025641,3.02,NA,1,0,NA,NA,NA,NA,2022-10-22,09:00:00,,sunny,run,non-intensive,day,"Aquatic Vegetation, Leaves, and Sticks"
NA,UBC,2022-10-31,09:16:00,304_22,GB,JK,28,64,450000,460995,420,3.2,3.2,3,N,Y,1,0,4430,1.5,2.290625,2.03,NA,1,0,NA,NA,NA,NA,2022-10-30,08:25:00,,sunny,run,non-intensive,day,"Aquatic Vegetation, Leaves, and Sticks"
NA,UBC,2022-11-06,07:48:00,310_22,GA,GA,28,0,0,0,NA,NA,NA,NA,N,Y,1,0,5440,0,NA,3.5599999,NA,1,0,NA,NA,NA,NA,2022-11-05,09:45:00,"Back screen was pulled due to lack of staff on short notice, only enviromentals taken were cone depth, counter, and time screens were pulled/reset.",overcast,run,non-intensive,day,"Aquatic Vegetation, Leaves, and Sticks"
NA,LCC,2022-11-17,10:00:00,321_21,TU,GM,28,57,142000,148008,300,3.5999999,3.5999999,3.5999999,N,Y,0.5,0,3921,0.80000001,1.752333333333333,2.8199999,NA,1,0,NA,NA,NA,NA,2022-11-16,10:39:00,,sunny,run,non-intensive,day,"Aquatic Vegetation, Leaves, and Sticks"
NA,UBC,2022-10-18,08:29:00,291_22,GA,GB,28,55,345000,352377,420,3.0999999,3.2,3,N,Y,1,0,3333,0.75,1.536875,2.8099999,NA,1,0,NA,NA,NA,NA,2022-10-17,14:07:00,,sunny,run,non-intensive,day,"Aquatic Vegetation, Leaves, and Sticks"
NA,UBC,2022-11-17,11:16:00,321_22,MES,SV,28,45,621000,646155,1321,3.5,3.2,3,N,Y,1,0,5566,8.5,1.666209311127933,2.6400001,NA,1,0,NA,NA,NA,NA,2022-11-16,11:36:00,,sunny,run,non-intensive,day,"Aquatic Vegetation, Leaves, and Sticks"
NA,UCC,2022-11-19,12:54:00,323_22,JK,SP,29,47,173000,231424,1800,2.4000001,2.9000001,3.4000001,PB,N,0.5,0,9023,22,2.840055555555555,3.22,NA,1,0,NA,NA,NA,NA,2022-11-18,08:32:00,"Trap full of leaves, still rotating but was out of thalweg",sunny,run,non-intensive,day,"Aquatic Vegetation, Leaves, and Sticks"
NA,UBC,2022-10-20,08:20:00,293_22,GM,GB,28,60,359000,366525,450,3.0999999,3.2,3,N,Y,1,0,4264,1,1.463194444444444,0.93000001,NA,1,0,NA,NA,NA,NA,2022-10-19,08:05:00,,sunny,run,non-intensive,day,"Aquatic Vegetation, Leaves, and Sticks"
NA,UBC,2022-10-17,14:07:00,290_22,JK,GB,28,55,335000,345478,600,3.2,3.2,3,N,Y,1,0,4335,0.75,1.528041666666667,1.62,NA,1,0,NA,NA,NA,NA,2022-10-16,07:45:00,,sunny,run,non-intensive,day,"Aquatic Vegetation, Leaves, and Sticks"
NA,UBC,2022-10-13,09:03:00,286_22,GB,GA,28,60,302000,311782,540,3.3,3.2,3,N,Y,1,0,4003,1,1.585046296296296,2.78,NA,1,0,NA,NA,NA,NA,2022-10-12,08:03:00,,sunny,run,non-intensive,day,"Aquatic Vegetation, Leaves, and Sticks"
NA,UBC,2022-11-05,09:40:00,309_22,JK,GA,28,53,502000,514495,721,3.2,3.2,3,N,Y,1,0,5355,1,1.516383495145631,4.5799999,NA,1,0,NA,NA,NA,NA,2022-11-04,08:17:00,,precipitation,run,non-intensive,day,"Aquatic Vegetation, Leaves, and Sticks"
NA,UBC,2022-10-05,08:10:00,278_22,TU,GB,28,58,252000,257939,330,3.2,3.2,2.7,N,Y,1,0,3815,1,1.574734848484848,3.3900001,NA,1,0,NA,NA,NA,NA,2022-10-04,08:38:00,,sunny,run,non-intensive,day,"Aquatic Vegetation, Leaves, and Sticks"
NA,UBC,2022-10-06,08:34:00,279_22,GB,SV,28,65,258000,264111,330,3.2,3.0999999,3,N,Y,1,0,2379,0.89999998,1.620340909090909,2.45,NA,1,0,NA,NA,NA,NA,2022-10-05,08:10:00,,sunny,run,non-intensive,day,"Aquatic Vegetation, Leaves, and Sticks"
NA,UCC,2022-11-17,08:32:00,321_22,GM,TU,29,23,131000,141743,302,3.5999999,3.8,4,N,Y,0.5,0,10767,2,3.11262417218543,2.4400001,NA,1,0,NA,NA,NA,NA,2022-11-16,09:28:00,,sunny,run,non-intensive,day,"Aquatic Vegetation, Leaves, and Sticks"
NA,UBC,2022-10-12,08:03:00,285_22,GM,RR,28,56,297000,302274,300,3,3.0999999,2.9000001,N,Y,1,0,1222,0.60000002,1.53825,2.8800001,NA,1,0,NA,NA,NA,NA,2022-10-11,08:23:00,one fish (non-target) jumped off trap while being poured out of tub and into bucket for relocation,sunny,run,non-intensive,day,Aquatic Vegetation
NA,UBC,2022-10-21,08:58:00,294_22,JK,GB,28,59,366000,372233,360,3.0999999,3.0999999,3,N,Y,1,0,4145,0.75,1.514965277777778,3.6500001,NA,1,0,NA,NA,NA,NA,2022-10-20,08:20:00,,sunny,run,non-intensive,day,"Aquatic Vegetation, Leaves, and Sticks"
NA,UCC,2022-11-16,09:28:00,320_22,GM,TU,29,23,113000,123546,300,3.5999999,3.8,3.9000001,NR,Y,0.5,0,381,1,3.075916666666667,1.66,NA,1,1,NA,NA,NA,NA,2022-11-15,10:23:00,cone stopped by logs,sunny,run,non-intensive,day,"Aquatic Vegetation, Leaves, and Sticks"
NA,UBC,2022-10-02,08:00:00,275_22,JK,GA,28,53,224000,239892,880,3.3,3.2,3,N,Y,1,0,4234,1.5,1.580170454545454,2.6900001,NA,1,0,NA,NA,NA,NA,2022-10-01,08:24:00,,sunny,run,non-intensive,day,"Aquatic Vegetation, Leaves, and Sticks"
NA,UBC,2022-10-07,08:03:00,280_22,RR,SV,28,55,265000,274403,302,3.3,3.2,3.0999999,N,Y,1,0,2806,1,2.724379139072847,1.02,NA,1,0,NA,NA,NA,NA,2022-10-06,08:34:00,NOT SURE WHY VELOCITY IS SO HIGH AND COUNTER SO LOW?,sunny,run,non-intensive,day,"Aquatic Vegetation, Leaves, and Sticks"
NA,UBC,2022-10-11,08:23:00,284_22,NW,GB,28,59,291000,297105,300,3.2,3.0999999,2.9000001,N,Y,1,0,3382,0.80000001,1.780625,2.4200001,NA,1,0,NA,NA,NA,NA,2022-10-10,08:00:00,No Fish,sunny,run,non-intensive,day,"Aquatic Vegetation, Leaves, and Sticks"
NA,UCC,2022-11-18,08:32:00,322_22,JK,KB,29,24,148000,167060,720,3.5999999,3.8,3.8,N,Y,0.5,0,11295,2,2.316319444444444,2.6099999,NA,1,0,NA,NA,NA,NA,2022-11-17,08:32:00,,sunny,run,non-intensive,day,"Aquatic Vegetation, Leaves, and Sticks"
NA,LCC,2022-11-18,10:01:00,322_22,JK,KB,28,51,167000,173047,300,3.5999999,3.5999999,3.7,N,Y,0.5,0,4867,2.5,1.763708333333333,3,NA,1,0,NA,NA,NA,NA,2022-11-17,10:00:00,,sunny,run,non-intensive,day,"Aquatic Vegetation, Leaves, and Sticks"
NA,UBC,2022-10-25,08:21:00,298_22,GA,GB,28,57,406000,415054,540,3.0999999,3.2,2.9000001,N,Y,1,0,2693,2,1.467083333333333,1.96,NA,1,0,NA,NA,NA,NA,2022-10-24,10:00:00,No Fish,overcast,run,non-intensive,day,"Aquatic Vegetation, Leaves, and Sticks"
NA,UBC,2022-11-10,08:05:00,314_22,MES,GM,29,47,570000,577151,325,3.5999999,3.3,3.2,N,Y,1,0,5596,1.8,1.925269230769231,NA,NA,1,0,NA,NA,NA,NA,2022-11-09,12:17:00,forgot turb,sunny,run,non-intensive,day,"Aquatic Vegetation, Leaves, and Sticks"
NA,UBC,2022-10-27,08:40:00,300_22,MES,SV,28,56,422000,428178,379,3,3.2,2.9000001,N,Y,1,0,4245,4,1.42631926121372,2.6700001,NA,1,0,NA,NA,NA,NA,2022-10-26,08:09:00,,sunny,run,non-intensive,day,"Aquatic Vegetation, Leaves, and Sticks"
NA,UBC,2022-10-15,07:43:00,288_22,JK,GA,28,58,317000,329195,695,3.0999999,3.0999999,2.9000001,N,Y,1,0,2498,0.75,1.535341726618705,4.2199998,NA,1,0,NA,NA,NA,NA,2022-10-14,09:15:00,,sunny,run,non-intensive,day,"Aquatic Vegetation, Leaves, and Sticks"
NA,UBC,2022-11-08,10:55:00,312_22,GB,SV,28,41,529000,542382,630,3.5999999,3.5,3.0999999,N,Y,1,0,6556,7,1.858611111111111,4.2800002,NA,1,0,NA,NA,NA,NA,2022-11-07,09:24:00,,precipitation,run,non-intensive,day,"Aquatic Vegetation, Leaves, and Sticks"
NA,UBC,2022-11-20,11:15:00,324_22,GM,MES,28,62,677000,700609,3071,3.2,3.2,2.8,N,Y,1,0,5520,13,0.6726758384890914,2.3599999,NA,1,0,NA,NA,NA,NA,2022-11-19,08:55:00,,sunny,run,non-intensive,day,Leaves
NA,LCC,2022-11-20,09:21:00,324_22,GM,MES,28,53,286000,292297,300,3.5999999,3.7,3.5999999,N,Y,0.5,0,4035,1,1.836625,1.66,NA,1,0,NA,NA,NA,NA,2022-11-19,13:54:00,,sunny,run,non-intensive,day,Leaves
NA,UBC,2022-11-12,08:04:00,316_22,TU,GA,28,46,583000,589276,308,3.4000001,3.0999999,3,N,Y,1,0,5440,1.1,1.782954545454545,4.0100002,NA,1,0,NA,NA,NA,NA,2022-11-11,09:17:00,,foggy,run,non-intensive,day,"Aquatic Vegetation, Leaves, and Sticks"
NA,UBC,2022-11-03,10:00:00,307_22,JK,GB,28,53,482000,489324,390,3.3,3.2,3,N,Y,1,0,5625,1,1.643205128205128,2.1900001,NA,1,0,NA,NA,NA,NA,2022-11-02,08:49:00,,sunny,run,non-intensive,day,"Aquatic Vegetation, Leaves, and Sticks"
NA,UBC,2022-10-29,08:35:00,302_22,JK,GA,28,62,433000,437766,300,3.0999999,3.2,2.9000001,N,Y,1,0,3162,0.60000002,1.390083333333333,2.0599999,NA,1,0,NA,NA,NA,NA,2022-10-28,08:53:00,,partly cloudy,run,non-intensive,day,"Aquatic Vegetation, Leaves, and Sticks"
NA,UBC,2022-10-28,08:53:00,301_22,TU,SV,28,56,428000,433255,300,3.0999999,3.3,2.9000001,N,Y,1,0,4586,0.69999999,1.532708333333333,2.6800001,NA,1,0,NA,NA,NA,NA,2022-10-27,08:40:00,,sunny,run,non-intensive,day,"Aquatic Vegetation, Leaves, and Sticks"
NA,UBC,2022-10-04,08:38:00,277_22,GA,GB,28,54,246000,252453,360,3.3,3.2,3,N,Y,1,0,3833,1,1.5684375,2.49,NA,1,0,NA,NA,NA,NA,2022-10-03,08:17:00,,sunny,run,non-intensive,day,"Aquatic Vegetation, Leaves, and Sticks"
NA,UBC,2022-11-01,08:12:00,305_22,TU,SV,28,67,461000,466222,319,3.3,3.2,3,N,Y,1,0,3954,2.3,1.432366771159874,3.52,NA,1,0,NA,NA,NA,NA,2022-10-31,09:16:00,,overcast,run,non-intensive,day,"Aquatic Vegetation, Leaves, and Sticks"
NA,UBC,2022-11-19,08:22:00,323_22,JK,SP,28,60,659000,670264,600,3.2,3.0999999,2.9000001,N,Y,1,0,4374,23.5,1.642666666666666,4.2399998,NA,1,0,NA,NA,NA,NA,2022-11-18,10:30:00,Non measured sample cleared 11 tubs of leaves.,sunny,run,non-intensive,day,"Aquatic Vegetation, Leaves, and Sticks"
NA,UBC,2022-10-26,08:09:00,299_22,TU,SV,28,59,415000,422150,435,3,3.0999999,3,N,Y,1,0,3013,0.5,1.438218390804598,2.95,NA,1,0,NA,NA,NA,NA,2022-10-25,08:21:00,,sunny,run,non-intensive,day,"Aquatic Vegetation, Leaves, and Sticks"
NA,LCC,2022-11-16,10:39:00,320_22,TU,GM,28,54,124000,130448,304,3.7,3.5999999,3.5,N,Y,0.5,0,4520,1.3,1.855921052631579,1.78,NA,1,0,NA,NA,NA,NA,2022-11-15,10:57:00,,sunny,run,non-intensive,day,"Aquatic Vegetation, Leaves, and Sticks"
NA,UBC,2022-10-10,08:00:00,283_22,GB,SV,28,55,285000,291341,308,3.3,3,2.9000001,N,Y,1,0,3907,0.69999999,1.801420454545454,3.4100001,NA,1,0,NA,NA,NA,NA,2022-10-09,08:28:00,,sunny,run,non-intensive,day,"Aquatic Vegetation, Leaves, and Sticks"
NA,UBC,2022-11-11,09:17:00,315_22,GM,TU,28,46,577000,583477,309,3.4000001,3,3.0999999,N,Y,1,0,6300,3.8,1.834101941747573,3.3299999,NA,1,0,NA,NA,NA,NA,2022-11-10,09:05:00,,overcast,run,non-intensive,day,"Aquatic Vegetation, Leaves, and Sticks"
NA,UBC,2022-11-04,08:17:00,308_22,RR,GA,28,50,490000,501744,634,2.9000001,3.0999999,2.9000001,N,Y,1,0,4801,1.5,1.620820189274448,3,NA,1,0,NA,NA,NA,NA,2022-11-03,08:49:00,Tule perch chomped so no fl,sunny,run,non-intensive,day,"Aquatic Vegetation, Leaves, and Sticks"
NA,UBC,2022-11-15,07:48:00,319_22,TU,GB,28,45,609000,614946,300,3.4000001,3.2,2.9000001,N,Y,1,0,5042,2,1.73425,4.0799999,NA,1,0,NA,NA,NA,NA,2022-11-14,10:50:00,,sunny,run,non-intensive,day,"Aquatic Vegetation, Leaves, and Sticks"
NA,UBC,2022-11-09,12:17:00,313_22,GB,SV,28,35,542000,569845,1200,3.5,3.8,3.7,N,Y,1,0,5714,8,2.030364583333333,4.1399999,NA,1,0,NA,NA,NA,NA,2022-11-08,10:55:00,,partly cloudy,run,non-intensive,day,"Aquatic Vegetation, Leaves, and Sticks"
NA,LCC,2022-11-21,09:48:00,325_22,NW,KB,28,54,303000,310055,300,3.5999999,3.7,3.5999999,N,Y,0.5,0,5050,1.8,2.057708333333333,1.8,NA,1,0,NA,NA,NA,NA,2022-11-20,09:21:00,Morts after swab did not recover in bucket,sunny,run,non-intensive,day,"Aquatic Vegetation, Leaves, and Sticks"
NA,LCC,2022-11-22,10:10:00,326_22,MES,CS,28,49,321000,328262,343,3.5,3.8,3.5999999,N,Y,0.5,0,5326,0.60000002,1.852551020408163,NA,NA,1,0,NA,NA,NA,NA,2022-11-21,09:48:00,Forgot turbs,overcast,run,non-intensive,day,Leaves
NA,LCC,2022-11-23,11:39:00,327_22,CL,MES,28,49,348000,354289,300,3.5999999,3.7,3.5,N,Y,0.5,0,5658,1.4,1.834291666666667,1.16,NA,1,0,NA,NA,NA,NA,2022-11-22,10:10:00,,sunny,run,non-intensive,day,Leaves
NA,LCC,2022-11-24,15:42:00,328_22,TU,SV,28,51,376000,384647,413,3.7,3.8,3.7,N,Y,0.5,0,5986,3,1.831991525423729,1.61,NA,1,0,NA,NA,NA,NA,2022-11-23,11:39:00,,sunny,run,non-intensive,day,"Aquatic Vegetation, Leaves, and Sticks"
NA,LCC,2022-11-25,12:28:00,329_22,SV,CL,28,48,420000,430463,483,3.7,3.7,3.5999999,N,Y,0.5,0,4454,0.80000001,1.895471014492753,1.91,NA,1,0,NA,NA,NA,NA,2022-11-24,15:42:00,,sunny,run,non-intensive,day,"Aquatic Vegetation, Leaves, and Sticks"
NA,LCC,2022-11-28,10:52:00,332_22,JK,RS,28,71,448000,457316,480,3.5999999,3.5999999,3.5999999,N,Y,0.5,0,4303,1,1.698229166666667,2.4300001,NA,1,0,NA,NA,NA,NA,2022-11-27,08:48:00,Beta test on IPAD,sunny,run,non-intensive,day,"Aquatic Vegetation, Leaves, and Sticks"
NA,LCC,2022-11-29,10:34:00,333_22,CL,TU,28,60,484000,490366,300,3.5,3.7,3.7,N,Y,0.5,0,3896,1.5,1.85675,1.88,NA,1,0,NA,NA,NA,NA,2022-11-28,10:57:00,,sunny,run,non-intensive,day,"Aquatic Vegetation, Leaves, and Sticks"
NA,LCC,2022-11-30,10:38:00,334_22,RS,LC,28,54,504000,510158,300,3.5999999,3.7,3.7,N,Y,0.5,0,4501,2,1.796083333333333,2.23,NA,1,0,NA,NA,NA,NA,2022-11-29,10:34:00,,overcast,run,non-intensive,day,Leaves
NA,LCC,2022-12-01,12:58:00,335_22,CS,JK,28,47,524000,530634,300,3.5,3.4000001,3.5,N,Y,0.5,0,5515,4.5,1.934916666666667,1.8,NA,1,0,NA,NA,NA,NA,2022-11-30,10:38:00,,sunny,run,non-intensive,day,"Aquatic Vegetation, Leaves, and Sticks"
NA,LCC,2022-12-02,12:51:00,336_22,GM,MES,28,53,564000,570574,319,3.7,3.8,3.8,N,Y,0.5,0,5319,1.2,1.8032131661442,NA,NA,1,0,NA,NA,NA,NA,2022-12-01,12:58:00,No turbs,sunny,run,non-intensive,day,Leaves
NA,LCC,2022-12-03,10:36:00,337_22,JK,MES,28,50,582000,588431,300,3.7,3.5999999,3.7,N,Y,0.5,0,4312,1,1.875708333333333,1.54,NA,1,0,NA,NA,NA,NA,2022-12-02,12:51:00,,precipitation,run,non-intensive,day,Leaves
NA,LCC,2022-12-04,11:42:00,338_22,CL,LC,28,47,602000,612256,480,3.7,3.8,3.5999999,N,Y,0.5,0,5499,0.80000001,1.869583333333333,2.0899999,NA,1,0,NA,NA,NA,NA,2022-12-03,10:36:00,,overcast,run,non-intensive,day,"Aquatic Vegetation, Leaves, and Sticks"
NA,LCC,2022-12-05,11:50:00,339_22,CL,KB,28,44,630000,638085,360,3.7,3.5999999,3.5,N,Y,0.5,0,5592,0.30000001,1.965104166666666,1.97,NA,1,0,NA,NA,NA,NA,2022-12-04,11:42:00,,precipitation,run,non-intensive,day,"Aquatic Vegetation, Leaves, and Sticks"
NA,UCC,2022-11-22,08:55:00,326_22,CS,MES,28,22,310000,321269,300,3.5999999,3.8,3.8,N,Y,0.5,0,11816,1,3.286791666666666,NA,NA,1,0,NA,NA,NA,NA,2022-11-21,08:28:00,Forgot turbs. Took only 4 genetics miscounted for 10% Sorry!,sunny,run,non-intensive,day,Leaves
NA,UCC,2022-11-23,10:03:00,327_22,MES,CL,29,22,328000,348137,585,3.5,3.8,3.9000001,N,Y,0.5,0,12264,2,3.011944444444445,1.8,NA,1,0,NA,NA,NA,NA,2022-11-22,08:55:00,,sunny,run,non-intensive,day,"Aquatic Vegetation, Leaves, and Sticks"
NA,UCC,2022-11-24,13:16:00,328_22,SV,TU,29,23,354000,376117,603,3.8,4.0999999,4.0999999,N,Y,0.5,0,13111,7.8000002,3.209349087893864,1.09,NA,1,0,NA,NA,NA,NA,2022-11-23,10:03:00,Forgot to get more genetics,sunny,run,non-intensive,day,"Aquatic Vegetation, Leaves, and Sticks"
NA,UCC,2022-11-25,09:06:00,329_22,SV,LC,29,22,385000,419557,960,3.8,3.9000001,4,N,Y,0.5,0,9603,1.9,3.1497265625,1.21,NA,1,0,NA,NA,NA,NA,2022-11-24,13:16:00,,sunny,run,non-intensive,day,"Aquatic Vegetation, Leaves, and Sticks"
NA,UCC,2022-11-28,08:41:00,332_22,JK,RS,29,22,430000,447840,480,3.4000001,3.8,3.7,N,Y,0.5,0,11779,2,3.252083333333333,2.1199999,NA,1,0,NA,NA,NA,NA,2022-11-27,08:12:00,Beta test on IPAD,partly cloudy,run,non-intensive,day,"Aquatic Vegetation, Leaves, and Sticks"
NA,UCC,2022-11-29,10:12:43,333_22,CL,TU,28,23,472000,483468,300,3.3,3.7,3.8,N,Y,0.5,0,11646,4.5999999,3.344833333333333,1.4299999,NA,1,0,NA,NA,NA,NA,2022-11-28,08:41:00,,sunny,run,non-intensive,day,"Aquatic Vegetation, Leaves, and Sticks"
NA,UCC,2022-11-30,08:33:00,334_22,MES,RS,28,21,490000,504098,380,3.5999999,3.9000001,3.7,N,Y,0.5,0,11605,2,3.24625,3.51,NA,1,0,NA,NA,NA,NA,2022-11-29,10:12:43,,overcast,run,non-intensive,day,Leaves
NA,UCC,2022-12-01,10:10:00,335_22,CS,JK,29,21,510000,523903,360,3,3.5,3.9000001,N,Y,0.5,0,12709,4.1999998,3.379201388888889,2.97,NA,1,0,NA,NA,NA,NA,2022-11-30,08:33:00,,overcast,run,non-intensive,day,"Aquatic Vegetation, Leaves, and Sticks"
NA,UCC,2022-12-02,09:03:00,336_22,LC,MES,29,24,553000,563899,300,2.9000001,3.9000001,3.9000001,N,Y,0.5,0,11413,0.80000001,3.178875,NA,NA,1,0,NA,NA,NA,NA,2022-12-01,10:10:00,,sunny,run,non-intensive,day,Leaves
NA,UCC,2022-12-03,08:31:00,337_22,MES,JK,29,22,571000,582298,300,3.0999999,3.8,3.9000001,N,Y,0.5,0,11619,3,3.295249999999999,2.8499999,NA,1,0,NA,NA,NA,NA,2022-12-02,09:03:00,,precipitation,run,non-intensive,day,"Aquatic Vegetation, Leaves, and Sticks"
NA,UCC,2022-12-04,09:04:00,338_22,GM,CL,29,22,588400,602179,360,3.5,4,4.0999999,N,Y,0.5,0,12422,2,3.3490625,2.3399999,NA,1,0,NA,NA,NA,NA,2022-12-03,08:31:00,,precipitation,run,non-intensive,day,"Aquatic Vegetation, Leaves, and Sticks"
NA,UCC,2022-12-05,10:28:00,339_22,CS,KB,29,22,614000,630125,420,3.4000001,3.8,3.8,N,Y,0.5,0,12933,1.5,3.359375,1.79,NA,1,0,NA,NA,NA,NA,2022-12-04,09:04:00,,precipitation,run,non-intensive,day,"Aquatic Vegetation, Leaves, and Sticks"
NA,LCC,2022-12-06,10:30:00,340_22,CL,MES,28,31,654000,660616,300,3.5999999,3.7,3.5,N,Y,0.5,0,5464,0.30000001,1.929666666666667,1.34,NA,1,0,NA,NA,NA,NA,2022-12-05,11:50:00,,sunny,run,non-intensive,day,"Aquatic Vegetation, Leaves, and Sticks"
NA,UBC,2022-11-22,11:56:00,326_22,MES,CS,28,43,709000,714455,300,3.4000001,3.3,3.2,N,Y,1,0,6099,4,1.591041666666667,1.83,NA,1,0,NA,NA,NA,NA,2022-11-21,07:58:00,,sunny,run,non-intensive,day,Leaves
NA,UBC,2022-11-23,07:52:00,327_22,MES,TU,28,47,714000,719851,300,3.3,3.2,3,N,Y,1,0,4859,2,1.706541666666667,3.8599999,NA,1,0,NA,NA,NA,NA,2022-11-22,11:56:00,,sunny,run,non-intensive,day,"Aquatic Vegetation, Leaves, and Sticks"
NA,UBC,2022-11-24,10:34:00,328_22,TU,SV,28,64,720000,727153,372,3.3,3.3,3.0999999,N,Y,1,0,4311,11.4,1.682493279569892,0.99000001,NA,1,0,NA,NA,NA,NA,2022-11-23,07:52:00,,sunny,run,non-intensive,day,"Aquatic Vegetation, Leaves, and Sticks"
NA,UBC,2022-11-29,13:01:00,333_22,CL,TU,28,43,743000,748582,300,3.3,3.3,3.0999999,N,Y,1,0,6363,10.3,1.628083333333333,2.96,NA,1,0,NA,NA,NA,NA,2022-11-28,08:06:00,,sunny,run,non-intensive,day,"Aquatic Vegetation, Leaves, and Sticks"
NA,UBC,2022-12-01,10:27:00,335_22,CS,JK,28,62,750000,768603,510,4,4.0999999,3.9000001,N,Y,1,0,1222,14,3.191691176470588,2.8299999,NA,1,0,NA,NA,NA,NA,2022-11-30,12:22:00,Cone stopped full of leaves trap was stopped pulled and reset at upper site at 12:22,precipitation,run,non-intensive,day,"Aquatic Vegetation, Leaves, and Sticks"
NA,UBC,2022-12-02,12:56:00,336_22,JW,SV,29,88,769000,775365,300,3.4000001,3.2,3.2,N,Y,1,0,3283,13,1.856458333333333,4.4299998,NA,1,0,NA,NA,NA,NA,2022-12-01,10:27:00,,sunny,run,non-intensive,day,"Aquatic Vegetation, Leaves, and Sticks"
NA,UBC,2022-12-04,16:15:00,338_22,JW,JK,28,27,783000,792489,300,3.8,3.7,3.5999999,N,Y,1,0,6844,8.5,2.767625,7.8000002,NA,1,0,NA,NA,NA,NA,2022-12-03,13:38:00,cone stopped couter at 6321,precipitation,run,non-intensive,day,"Aquatic Vegetation, Leaves, and Sticks"
NA,UCC,2022-12-07,08:53:00,341_22,NW,LC,28,23,661000,672547,301,3.2,3.7,3.7,N,Y,0.5,0,12273,0.69999999,3.356686046511628,1.66,NA,1,0,NA,NA,NA,NA,2022-12-06,08:40:00,Need to add ETOH to 22-66158,sunny,run,non-intensive,day,"Aquatic Vegetation, Leaves, and Sticks"
NA,UBC,2022-12-08,08:00:00,342_22,MES,CL,NA,NA,NA,NA,NA,NA,NA,NA,N,Y,1,0,0,NA,NA,38.299999,NA,0,1,NA,NA,NA,NA,2022-12-08,13:39:00,,sunny,run,non-intensive,day,"Aquatic Vegetation, Leaves, and Sticks"
NA,LCC,2022-12-10,09:33:00,344_22,JK,SV,28,46,733000,740828,361,3.7,3.8,3.8,N,Y,0.5,0,4986,1,1.897368421052632,12.4,NA,1,0,NA,NA,NA,NA,2022-12-09,14:03:00,,overcast,run,non-intensive,day,"Aquatic Vegetation, Leaves, and Sticks"
NA,LCC,2022-12-11,08:37:00,345_22,GM,JK,28,43,741000,747615,301,3.8,3.9000001,3.7,N,Y,0.5,0,5899,2,1.92296511627907,1.95,NA,1,0,NA,NA,NA,NA,2022-12-10,09:33:00,,overcast,run,non-intensive,day,"Aquatic Vegetation, Leaves, and Sticks"
NA,LCC,2022-12-12,11:53:00,346_22,CMS,JW,28,32,770000,779554,498,3.5999999,3.7,3.7,N,Y,0.5,0,6736,0.5,1.678664658634538,1.36,NA,1,0,NA,NA,NA,NA,2022-12-11,08:37:00,,sunny,run,non-intensive,day,"Aquatic Vegetation, Leaves, and Sticks"
NA,UCC,2022-12-13,11:10:00,347_22,KB,RS,28,21,779000,795098,420,3.7,3.9000001,3.7,N,Y,0.5,0,12470,0.89999998,3.35375,1.73,NA,1,0,NA,NA,NA,NA,2022-12-12,10:02:00,,sunny,run,non-intensive,day,"Aquatic Vegetation, Leaves, and Sticks"
NA,LCC,2022-12-13,13:07:00,347_22,RS,KB,28,50,795000,802746,376,3.4000001,3.5999999,3.5999999,N,Y,0.5,0,5970,0.30000001,1.802593085106383,1.5599999,NA,1,0,NA,NA,NA,NA,2022-12-12,11:53:00,,sunny,run,non-intensive,day,"Aquatic Vegetation, Leaves, and Sticks"
NA,UCC,2022-12-14,08:25:00,348_22,NW,TU,28,22,803000,814539,303,3.4000001,3.5,3.5999999,N,Y,0.5,0,10453,0.80000001,3.332219471947195,3.0699999,NA,1,0,NA,NA,NA,NA,2022-12-13,11:10:00,Morts were in trap prior to processing,sunny,run,non-intensive,day,"Aquatic Vegetation, Leaves, and Sticks"
NA,LCC,2022-12-14,10:28:00,348_22,NW,TU,28,51,815000,821106,300,3.5,3.8,3.7,N,Y,0.5,0,4682,0.30000001,1.780916666666666,2.0699999,NA,1,0,NA,NA,NA,NA,2022-12-13,13:07:00,,sunny,run,non-intensive,day,"Aquatic Vegetation, Leaves, and Sticks"
NA,UCC,2022-12-15,09:30:00,349_22,RJB,JK,29,22,827000,838015,300,3.5,3.8,3.8,N,Y,0.5,0,11541,0.40000001,3.212708333333333,2.3299999,NA,1,0,NA,NA,NA,NA,2022-12-14,08:25:00,,sunny,run,non-intensive,day,"Aquatic Vegetation, Leaves, and Sticks"
NA,LCC,2022-12-15,09:30:00,349_22,RJB,JK,28,49,838000,846505,420,3.5999999,3.8,3.7,N,Y,0.5,0,4971,0.2,1.771875,3.74,NA,1,0,NA,NA,NA,NA,2022-12-14,10:28:00,,sunny,run,non-intensive,day,"Aquatic Vegetation, Leaves, and Sticks"
NA,LCC,2022-12-16,10:20:00,350_22,TU,SP,28,49,860000,866568,319,3.7,3.8,3.7,N,Y,0.5,0,5453,0.80000001,1.801567398119122,2.74,NA,1,0,NA,NA,NA,NA,2022-12-15,09:30:00,,sunny,run,non-intensive,day,"Aquatic Vegetation, Leaves, and Sticks"
NA,UCC,2022-12-17,10:08:00,351_22,TU,SV,30,22,867000,879032,322,3.7,3.9000001,4.0999999,N,Y,0.5,0,12314,0.69999999,3.269565217391304,1.48,NA,1,0,NA,NA,NA,NA,2022-12-16,08:53:00,,sunny,run,non-intensive,day,"Aquatic Vegetation, Leaves, and Sticks"
NA,UCC,2022-12-18,08:42:00,352_22,GM,JW,29,24,887000,900540,364,3.9000001,3.9000001,4,NR,Y,0.5,0,1535,0.30000001,3.254807692307692,1.3099999,NA,1,1,NA,NA,NA,NA,2022-12-17,10:08:00,"Not rotating upon arrival, woody debris in cone near debris box",sunny,run,non-intensive,day,"Aquatic Vegetation, Leaves, and Sticks"
NA,UBC,2022-11-28,08:06:00,332_22,CL,SP,28,41,736000,742640,330,3.2,3.3,3.0999999,N,Y,1,0,0,2.5,1.760606060606061,2.8,NA,1,0,NA,NA,NA,NA,2022-11-27,10:00:00,Counter was broken when cone was lowered on Sunday. Fixed,sunny,run,non-intensive,day,"Aquatic Vegetation, Leaves, and Sticks"
NA,UCC,2022-12-19,09:00:00,353_22,JW,CH,28,22,906000,919975,376,3.7,4,3.5999999,N,Y,0.5,0,13111,0.89999998,3.252160904255319,3.71,NA,1,0,NA,NA,NA,NA,2022-12-18,14:27:27,,overcast,run,non-intensive,day,"Aquatic Vegetation, Leaves, and Sticks"
NA,LCC,2022-12-19,10:43:00,353_22,LC,CH,28,49,920000,928108,419,3.5,3.7,3.7,N,Y,0.5,0,5495,0.30000001,1.693198090692124,2.1900001,NA,1,0,NA,NA,NA,NA,2022-12-18,09:56:00,,overcast,run,non-intensive,day,"Aquatic Vegetation, Leaves, and Sticks"
NA,UCC,2022-12-20,08:33:00,354_22,GM,CL,29,25,929000,946969,480,3.4000001,3.8,3.9000001,N,Y,0.5,0,10904,0.30000001,3.275598958333333,1.12,NA,1,0,NA,NA,NA,NA,2022-12-19,09:00:00,,overcast,run,non-intensive,day,"Aquatic Vegetation, Leaves, and Sticks"
NA,LCC,2022-12-20,09:55:00,354_22,CL,GM,28,49,947000,965535,921,3.5999999,3.7,3.5999999,N,Y,0.5,0,5006,0.2,1.76092562432139,1.88,NA,1,0,NA,NA,NA,NA,2022-12-19,10:43:00,replaced counter case,overcast,run,non-intensive,day,"Aquatic Vegetation, Leaves, and Sticks"
NA,UCC,2022-12-16,08:53:00,350_22,SP,TU,29,22,847000,860473,360,3.5,3.7,3.8,N,Y,0.5,0,12212,1.5,3.2746875,1.84,NA,1,0,NA,NA,NA,NA,2022-12-15,08:15:00,,sunny,run,non-intensive,day,"Aquatic Vegetation, Leaves, and Sticks"
NA,UCC,2022-12-23,09:05:00,357_22,LC,JK,29,21,31000,42483,300,3.5,3.9000001,3.9000001,N,Y,0.5,0,11254,0.40000001,3.349208333333333,2.2,NA,1,0,NA,NA,NA,NA,2022-12-22,09:55:00,,sunny,run,non-intensive,day,"Aquatic Vegetation, Leaves, and Sticks"
NA,UCC,2022-12-21,08:37:00,355_22,CL,GMM,29,23,965000,997262,863,3.4000001,3.7,3.5999999,N,Y,0.5,0,10823,0.2,3.271060254924681,0.89999998,NA,1,0,NA,NA,NA,NA,2022-12-20,08:33:00,,sunny,run,non-intensive,day,"Aquatic Vegetation, Leaves, and Sticks"
NA,LCC,2022-12-21,10:33:00,355_22,GMM,CL,28,49,0,3620,370,NA,NA,NA,N,Y,0.5,0,5438,0.2,0.856081081081081,1.59,NA,1,0,NA,NA,NA,NA,2022-12-20,09:58:00,,sunny,run,non-intensive,day,"Aquatic Vegetation, Leaves, and Sticks"
NA,UBC,2022-12-21,15:10:00,355_22,GMM,CL,29,63,877000,883458,315,3.9000001,4.0999999,4.0999999,N,Y,1,0,5179,0.1,1.793888888888889,2.9300001,NA,1,0,NA,NA,NA,NA,2022-12-20,09:12:24,,sunny,run,non-intensive,day,"Aquatic Vegetation, Leaves, and Sticks"
NA,UCC,2022-12-22,09:55:00,356_22,GMM,MES,29,29,7000,18489,315,NA,NA,NA,N,Y,0.5,0,11960,0.30000001,3.191388888888889,2.3,NA,1,0,NA,NA,NA,NA,2022-12-21,08:37:00,,sunny,run,non-intensive,day,"Aquatic Vegetation, Leaves, and Sticks"
NA,LCC,2022-12-22,11:19:00,356_22,GMM,MES,28,48,18000,31256,660,3.7,3.7,3.7,N,Y,0.5,0,5644,0.2,1.757424242424242,1.83,NA,1,0,NA,NA,NA,NA,2022-12-21,10:33:00,,sunny,run,non-intensive,day,"Aquatic Vegetation, Leaves, and Sticks"
NA,UBC,2022-12-22,07:30:00,356_22,GMM,MES,29,67,883000,888553,300,3.9000001,4,4,N,Y,1,0,2512,0.1,1.619625,3.3299999,NA,1,0,NA,NA,NA,NA,2022-12-21,16:23:21,,overcast,run,non-intensive,day,"Aquatic Vegetation, Leaves, and Sticks"
NA,LCC,2022-12-23,11:00:00,357_22,LC,JK,28,46,42000,48142,300,3.5999999,3.8,3.7,N,Y,0.5,0,5525,0.69999999,1.791416666666666,1.62,NA,1,0,NA,NA,NA,NA,2022-12-22,11:19:00,,overcast,run,non-intensive,day,"Aquatic Vegetation, Leaves, and Sticks"
NA,UBC,2022-12-23,11:45:00,357_22,CS,CH,28,66,889000,895655,345,4.0999999,4.0999999,4.0999999,N,Y,1,0,4505,0.2,1.68786231884058,2.52,NA,1,0,NA,NA,NA,NA,2022-12-22,07:30:00,,overcast,run,non-intensive,day,"Aquatic Vegetation, Leaves, and Sticks"
NA,LCC,2022-12-24,11:28:00,358_22,NW,JK,28,49,59000,83318,1200,NA,NA,NA,N,Y,0.5,0,5505,0.40000001,1.7731875,1.9400001,NA,1,0,NA,NA,NA,NA,2022-12-23,11:00:00,,overcast,run,non-intensive,day,"Aquatic Vegetation, Leaves, and Sticks"
NA,UBC,2022-12-24,12:28:00,358_22,GMM,MES,29,70,896000,901832,319,3.9000001,3.9000001,3.5999999,N,Y,1,0,4053,0.1,1.599686520376175,1.48,NA,1,0,NA,NA,NA,NA,2022-12-23,11:45:00,,sunny,run,non-intensive,day,"Aquatic Vegetation, Leaves, and Sticks"
NA,UCC,2022-12-25,11:00:00,359_22,CL,LC,29,21,94000,105254,300,3.3,3.7,3.7,N,Y,0.5,0,12047,0.40000001,3.282416666666667,0.75,NA,1,0,NA,NA,NA,NA,2022-12-24,08:33:00,,sunny,run,non-intensive,day,"Aquatic Vegetation, Leaves, and Sticks"
NA,LCC,2022-12-25,08:37:00,359_22,CL,LC,28,47,83000,93863,540,NA,NA,NA,N,Y,0.5,0,4832,0.2,1.760208333333333,0.83999997,NA,1,0,NA,NA,NA,NA,2022-12-24,11:28:00,,sunny,run,non-intensive,day,"Aquatic Vegetation, Leaves, and Sticks"
NA,LCC,2022-12-17,12:02:00,351_22,SV,TU,29,50,879000,886978,385,3.8,3.7,3.7,N,Y,0.5,0,5448,0.40000001,1.813181818181818,1.65,NA,1,0,NA,NA,NA,NA,2022-12-16,10:20:00,,sunny,run,non-intensive,day,"Aquatic Vegetation, Leaves, and Sticks"
NA,UCC,2022-12-26,11:13:00,360_22,LC,CL,29,21,105000,116548,301,3.3,3.9000001,3.9000001,N,Y,0.5,0,11902,0.30000001,3.356976744186047,1.72,NA,1,0,NA,NA,NA,NA,2022-12-25,08:33:00,,overcast,run,non-intensive,day,"Aquatic Vegetation, Leaves, and Sticks"
NA,LCC,2022-12-26,12:49:00,360_22,CL,LC,28,47,116000,129230,660,3.5999999,3.7,3.7,N,Y,0.5,0,6433,0.30000001,1.753977272727273,1.3099999,NA,1,0,NA,NA,NA,NA,2022-12-25,08:37:00,,overcast,run,non-intensive,day,"Aquatic Vegetation, Leaves, and Sticks"
NA,UCC,2022-12-28,09:20:00,362_22,MES,LC,28,45,129000,137449,308,NA,2.7,3.3,N,Y,0.5,0,7432,3,2.400284090909091,4.4200001,NA,1,0,NA,NA,NA,NA,2022-12-27,15:37:00,,sunny,run,non-intensive,day,"Aquatic Vegetation, Leaves, and Sticks"
NA,LCC,2022-12-28,12:30:00,362_22,CMS,LC,28,39,137000,144270,300,3.8,3.8,3.9000001,N,Y,0.5,0,2124,0.30000001,2.120416666666666,3.5,NA,1,0,NA,NA,NA,NA,2022-12-27,18:48:00,,partly cloudy,run,non-intensive,day,"Aquatic Vegetation, Leaves, and Sticks"
NA,LCC,2022-12-31,09:19:00,365_22,JK,GMM,28,31,191000,203481,420,4.1999998,4.4000001,4.3000002,N,Y,0.5,0,11142,2.5,2.600208333333333,6.8800001,NA,1,0,NA,NA,NA,NA,2022-12-30,09:14:00,"Night clear 12/30 at 18:42, counter 4711 turb 43 3 tubs of debris",overcast,run,non-intensive,day,"Aquatic Vegetation, Leaves, and Sticks"
NA,LCC,2023-01-01,09:04:00,001_23,JK,JW,28,37,203000,219144,666,3.8,4,4.1999998,N,Y,0.5,0,7782,0.30000001,2.121021021021021,3.6500001,NA,1,0,NA,NA,NA,NA,2022-12-31,09:19:00,,sunny,run,non-intensive,day,"Aquatic Vegetation, Leaves, and Sticks"
NA,UCC,2023-01-02,08:40:00,002_23,MES,JW,29,30,234000,245360,310,3.2,3.8,3.7,N,Y,0.5,0,0,1,3.206451612903226,3.51,NA,1,0,NA,NA,NA,NA,2023-01-02,NA,,overcast,run,non-intensive,day,"Aquatic Vegetation, Leaves, and Sticks"
NA,LCC,2023-01-02,09:55:00,002_23,MES,JW,28,39,245000,251988,300,3.5999999,3.9000001,3.8,N,Y,0.5,0,0,0.5,2.038166666666667,3.1099999,NA,1,0,NA,NA,NA,NA,2023-01-01,09:04:00,,overcast,run,non-intensive,day,"Aquatic Vegetation, Leaves, and Sticks"
NA,LCC,2022-12-29,12:06:00,363_22,MES,JW,28,35,173000,180754,300,3.9000001,4,4,N,Y,0.5,0,6211,0.40000001,2.261583333333333,11.8,NA,1,0,NA,NA,NA,NA,2022-12-28,12:30:00,,precipitation,run,non-intensive,day,"Aquatic Vegetation, Leaves, and Sticks"
NA,UBC,2022-12-05,08:02:00,339_22,CS,KB,28,25,792000,801209,330,3.8,3.9000001,3.5,N,Y,1,0,5960,8.5,2.441780303030303,27.1,NA,1,0,NA,NA,NA,NA,2022-12-04,16:15:00,,overcast,run,non-intensive,day,"Aquatic Vegetation, Leaves, and Sticks"
NA,UCC,2022-12-06,08:40:00,353_22,CMS,JW,30,21,638000,653797,413,3.2,3.7,3.8,N,Y,0.5,0,11301,1,3.346822033898305,NA,NA,1,0,NA,NA,NA,NA,2022-12-18,10:28:00,Dropped turb in water,sunny,run,non-intensive,day,"Aquatic Vegetation, Leaves, and Sticks"
NA,UBC,2022-12-12,10:27:00,346_22,JK,GM,29,33,810000,818474,300,4.6999998,4.9000001,4.6999998,N,Y,1,0,0,5,2.471583333333333,6.48,NA,1,0,NA,NA,NA,NA,2022-12-11,12:21:00,"Counter not working, plus count 1 C1 missing caudal but still alive",foggy,run,non-intensive,day,"Aquatic Vegetation, Leaves, and Sticks"
NA,UBC,2022-12-17,09:48:00,351_22,CMS,JK,29,62,845000,851068,310,4.0999999,4.0999999,4,N,Y,1,0,3811,0.2,1.712741935483871,2.6900001,NA,1,0,NA,NA,NA,NA,2022-12-16,12:57:00,,sunny,run,non-intensive,day,"Aquatic Vegetation, Leaves, and Sticks"
NA,LCC,2022-12-18,09:56:00,352_22,JW,GM,28,34,900000,906108,318,3.5999999,3.8,3.7,N,Y,0.5,0,4789,0.2,1.68066037735849,1.6799999,NA,1,0,NA,NA,NA,NA,2022-12-17,NA,Fish held in livecar,foggy,run,non-intensive,day,"Aquatic Vegetation, Leaves, and Sticks"
NA,UCC,2022-11-21,08:28:00,325_22,KB,NW,28,22,292000,303978,321,3.5999999,3.8,3.9000001,N,Y,0.5,0,11557,2.8,3.265031152647975,2.3099999,NA,1,0,NA,NA,NA,NA,2022-11-20,08:25:00,Not sure if biosample 22-65881 was used for RBT,sunny,run,non-intensive,day,"Aquatic Vegetation, Leaves, and Sticks"
NA,UCC,2022-12-24,08:33:00,358_22,NW,JK,29,22,48000,59365,300,NA,NA,NA,N,Y,0.5,0,11420,0.40000001,3.314791666666666,1.34,NA,1,0,NA,NA,NA,NA,2022-12-23,09:05:00,Pulled trap for repairs. Collar loose and wear sleeve was way out.  Pulled back screen.  Reset at 10:52   No depths due to need to pull trap.,overcast,run,non-intensive,day,"Aquatic Vegetation, Leaves, and Sticks"
NA,UCC,2022-12-27,11:23:31,361_22,JK,GMM,NA,NA,NA,NA,NA,NA,NA,NA,N,Y,0.5,0,3445,NA,NA,NA,NA,1,1,NA,NA,NA,NA,2022-12-26,11:13:00,Night Clear trap pulled 1800,precipitation,run,non-intensive,day,"Aquatic Vegetation, Leaves, and Sticks"
NA,LCC,2022-12-27,18:48:00,361_22,JK,GMM,NA,NA,NA,NA,NA,NA,NA,NA,N,Y,0.5,0,1345,NA,NA,NA,NA,1,1,NA,NA,NA,NA,2022-12-26,12:49:00,Night clear trap pulled 18:48,precipitation,run,non-intensive,day,"Aquatic Vegetation, Leaves, and Sticks"
NA,UCC,2022-12-29,10:05:00,363_22,CS,NW,29,18,144000,172777,666,3.9000001,4,4,N,Y,0.5,0,5777,1.2,3.780762012012012,NA,NA,1,0,NA,NA,NA,NA,2022-12-28,09:20:00,"can't find turb vial, debris in cone was making trap spin irregularly, but not blocked. Rotation pattern moved trap out of the thalwag. Fish were still able to swim into trap/cone/box. The actual cone was not blocked.",precipitation,run,non-intensive,day,"Aquatic Vegetation, Leaves, and Sticks"
NA,UBC,2022-12-25,14:23:34,359_22,GMM,JK,29,85,902000,909875,575,3.9000001,3.9000001,4,N,Y,0.5,0,4215,0.2,1.198369565217391,2.53,NA,1,0,NA,NA,NA,NA,2022-12-24,12:28:00,,overcast,run,non-intensive,day,"Aquatic Vegetation, Leaves, and Sticks"
NA,LCC,2022-12-30,09:14:00,364_22,GMM,CH,28,24,181000,190557,300,4.5,4.5,4.1999998,NR,N,0.5,0,4559,0.5,2.787458333333333,15.9,NA,1,0,NA,NA,NA,NA,2022-12-29,12:06:00,cone stopped at 4400 pulled again for repair reset at 10:00,precipitation,run,non-intensive,day,"Aquatic Vegetation, Leaves, and Sticks"
NA,UCC,2023-01-01,11:50:00,001_23,JK,JW,29,19,222000,234134,300,3.7,4,3.9000001,N,Y,0.5,0,12371,2.2,3.539083333333333,1.9400001,NA,1,0,NA,NA,NA,NA,2022-12-31,15:30:00,did not dope R4,sunny,run,non-intensive,day,"Aquatic Vegetation, Leaves, and Sticks"
NA,UCC,2022-12-09,09:27:00,343_22,KB,CH,30,21,705000,725570,546,3.4000001,3.9000001,3.9000001,N,Y,0.5,0,13217,2.5,3.296474358974359,0.77999997,NA,1,0,NA,NA,NA,NA,2022-12-08,08:13:00,Data not filled out. Total not added up on datasheet Trap pulled,overcast,run,non-intensive,day,"Aquatic Vegetation, Leaves, and Sticks"
NA,UCC,2022-12-30,08:00:00,364_22,,,NA,NA,NA,NA,NA,NA,NA,NA,,,NA,0,NA,NA,NA,NA,NA,0,0,NA,NA,NA,NA,NA,NA,,NA,NA,NA,NA,NA
NA,UBC,2022-11-30,14:12:00,334_22,TU,SV,28,42,749000,759437,507,3.4000001,3.3,3.0999999,N,Y,1,0,6177,5,1.801257396449704,1.99,NA,1,0,NA,NA,NA,NA,2022-11-29,14:52:00,Cone raised at 14:12 to move trap lower location Cone dropped at 14:52 and fishing again,overcast,run,non-intensive,day,"Aquatic Vegetation, Leaves, and Sticks"
NA,UCC,2022-12-10,08:00:00,344_22,,,NA,NA,NA,NA,NA,NA,NA,NA,,,NA,0,NA,NA,NA,NA,NA,0,0,NA,NA,NA,NA,NA,NA,,NA,NA,NA,NA,NA
NA,UBC,2022-11-26,08:00:00,330_22,,,NA,NA,NA,NA,NA,NA,NA,NA,,,NA,0,NA,NA,NA,NA,NA,0,0,NA,NA,NA,NA,NA,NA,,NA,NA,NA,NA,NA
NA,UBC,2022-11-27,08:00:00,331_22,,,NA,NA,NA,NA,NA,NA,NA,NA,,,NA,0,NA,NA,NA,NA,NA,0,0,NA,NA,NA,NA,NA,NA,,NA,NA,NA,NA,NA
NA,UCC,2022-12-11,08:00:00,345_22,,,NA,NA,NA,NA,NA,NA,NA,NA,,,NA,0,NA,NA,NA,NA,NA,0,0,NA,NA,NA,NA,NA,NA,,NA,NA,NA,NA,NA
NA,UCC,2022-12-31,08:00:00,365_22,,,NA,NA,NA,NA,NA,NA,NA,NA,,,NA,0,NA,NA,NA,NA,NA,0,0,NA,NA,NA,NA,NA,NA,,NA,NA,NA,NA,NA
NA,UBC,2022-12-03,13:38:00,337_22,JW,SV,28,54,775000,782671,330,3.3,3.2,3,N,Y,1,0,4176,3,2.033977272727272,3.1800001,NA,1,0,NA,NA,NA,NA,2022-12-02,12:56:00,Night clears were done 12/2/2022 at 18:01 and 22:15,precipitation,run,non-intensive,day,"Aquatic Vegetation, Leaves, and Sticks"
NA,UBC,2022-12-06,14:30:00,340_22,,,NA,NA,NA,NA,NA,NA,NA,NA,,,NA,0,3344,NA,NA,20.1,NA,1,1,NA,NA,NA,NA,2022-12-06,08:01:00,Trap pulled at 16:00 counter 1695. Trap pulled due to thunderstorm. Trap set and pulled again due to high debris.,NA,NA,NA,NA,NA
NA,UBC,2022-12-07,08:00:00,341_22,,,NA,NA,NA,NA,NA,NA,NA,NA,,,NA,0,NA,NA,NA,NA,NA,0,0,NA,NA,NA,NA,NA,NA,Trap pulled out of the water due to broken door.,NA,NA,NA,NA,NA
NA,UBC,2022-12-11,08:00:00,345_22,,,NA,NA,NA,NA,NA,NA,NA,NA,,,NA,0,NA,NA,NA,NA,NA,0,0,NA,NA,NA,NA,NA,NA,,NA,NA,NA,NA,NA
NA,UBC,2022-12-10,08:00:00,344_22,,,NA,NA,NA,NA,NA,NA,NA,NA,,,NA,0,NA,NA,NA,NA,NA,0,0,NA,NA,NA,NA,NA,NA,Trap pulled due to high flows,NA,NA,NA,NA,NA
NA,UBC,2022-12-28,08:00:00,,,,NA,NA,NA,NA,NA,NA,NA,NA,,,NA,0,NA,NA,NA,NA,NA,0,0,NA,NA,NA,NA,NA,NA,,NA,NA,NA,NA,NA
NA,UBC,2022-12-26,17:01:00,360_22,CL,LC,28,69,910000,915744,300,3.9000001,4,3.9000001,N,Y,1,0,4097,0.30000001,1.675333333333333,2.4000001,NA,1,0,NA,NA,NA,NA,2022-12-25,14:48:34,Trap pulled due to high predicted flows,overcast,run,non-intensive,day,"Aquatic Vegetation, Leaves, and Sticks"
NA,UBC,2022-12-29,07:59:00,363_22,CS,NW,28,20,916000,928527,300,5.8000002,5.8000002,5.8000002,N,Y,1,0,9088,2.2,3.653708333333333,14,NA,1,0,NA,NA,NA,NA,2022-12-28,NA,Trap pulled due to high predicted flows,precipitation,run,non-intensive,day,"Aquatic Vegetation, Leaves, and Sticks"
